"categoria";"clifor";"conto";"localita";"pr";"mastro";"rag_sociale1";"zona"
;"C";"120";"DUBLIN 24 IRELAND";;"14";"ADOBE SYSTEMS SOFTWERE IERLAND";"22"
;"C";"122";"BUCAREST-ROMANIA";;"14";"CLIENTE 40";
;"C";"135";"CO KILDARE -IRLANDA";;"14";"KERRY INGREDIENTS & FLAVOURS";"22"
;"C";"140";"DE-83123 AMERANG";;"14";"AUER PACKAGING GMBH";"24"
;"C";"141";"DUBLIN 18 D18 521 IRELAND";"IE";"14";"MICROSOFT IRELAND OPERATIONS";
;"C";"145";"90292 MARINA DEL REY CA";"USA";"14";"CLIENTE 41";
;"C";"164";"LOS ANGELES CA 90034";"USA";"14";"PADOVANI LLC";"26"
;"C";"64";"SWITZERLAND";"CH";"14";"PASTINELLA ORIOR MENU AG.";"28"
;"C";"95";"DUBLIN 18 IRELAND";"IE";"14";"GETTY IMAGES INTERNATIONAL";
;"F";"27";;;"40";"FORNITORI VARI";
;"F";"345";"Carrickmines-Dublin 18";"IE";"40";"GETTY IMAGES INTERNATIONAL";
;"F";"374";"D-70188 STUTTGART";"DE";"40";"DI GENNARO FEINKOST UND";
;"F";"439";"DUBLIN 24 IRELANS";"IE";"40";"ADOBE SYSTEMS SOFTWERE IRELAND";
;"F";"443";"BUCAREST-ROMANIA";;"40";"MARCELA RISTEA";
;"F";"494";;;"40";"OGNI GIORNO PER EMMA ONLUS";
;"F";"498";"CO KILDARE-IRLANDA";;"40";"KERRY INGREDIENTS & FLAVOURS";
;"F";"515";"DE-83123 AMERANG";"DE";"40";"AUER PACKAGING GMBH";
;"F";"516";"DUBLIN 18 D18 P521IRELAND";"IE";"40";"MICROSOFT IRELAND OPERATIONS";
;"F";"535";"90292 MARINA DEL REY CA";"USA";"40";"RICCARDO FRIGIERI";
;"F";"588";"ELIZABETH, NJ 07201";"USA";"40";"THE RADIOUS GROUP, INC.";
"C&CHO";"C";"98";"NO-0255 OSLO-NORWAY";"NO";"14";"OLIVIA IMPORT";"30"
"DIS";"C";"139";"4672837 Herzliya-Israel";"IL";"14";"A.Seyman Trade Ltd";"32"
"DIS";"C";"24";"CLOSE TIN WAN ABERDEEN";"HK";"14";"STABLE TRADING LIMITED ITALIAN";"27"
"DIS";"C";"8";"Co.LIMERICK";"IE";"14";"PALLAS FOODS LTD";"22"
"DIS";"C";"84";"DUBLIN 12-IRELAND";"IE";"14";"K&C NORTON WHOLESALE FOODS LTD";"22"
"DIS";"C";"89";"D-70188 STUTTGART";"DE";"14";"DI GENNARO FEINKOST-UND";"24"
"DIS";"C";"157";"CASABLANCA-MAROCCO";"MA";"14";"BSK FOOD";"35"
"DIS";"C";"82";"2650 HVIDOVRE DANMARK";"DK";"14";"C & E GASTRO-IMPORT LOGISTIC";"29"
;"F";"191";"POMEZIA";"RM";"40";"FIORUCCI FOOD SERVICE SRL";
;"F";"451";"LADISPOLI";"RM";"40";"PENNAMONTATA SRL S";
;"F";"110";"POMEZIA";"RM";"40";"RENTOKIL INITIAL ITALIA SPA";
"ECO";"C";"18";"ROMA";"RM";"13";"CLIENTE 1";"7"
;"F";"192";"ROMA";"RM";"40";"MAGE PROMO SERVICE SRL";
;"F";"348";"ROMA";"RM";"40";"ENDOVIS SRL";
;"F";"106";"ROMA";"RM";"40";"ENI SPA";
;"F";"456";"ROMA";"RM";"40";"AGROQUALITA SPA";
;"C";"34";"ROMA";"RM";"14";"HOTEL ROTELLE CO.DIVI SRL";"7"
;"F";"579";"ROMA";"RM";"40";"UNIVERSAL MARKETING SRL";
;"F";"122";"ROMA";"RM";"40";"AUTOSTRADE PER L'ITALIA SPA";
;"F";"123";"ROMA";"RM";"40";"TELEPASS SPA";
;"F";"108";"ROMA";"RM";"40";"INFOCAMERE SOCIETA' CONSORTILE";
;"F";"144";"ROMA";"RM";"40";"TRENITALIA SPA";
;"F";"412";"ROMA";"RM";"40";"DPS AGENCY SRL";
"ECO";"C";"19";"ROMA";"RM";"13";"CLIENTE 2";"7"
;"F";"212";"ROMA";"RM";"40";"M.E.R.G.E.L.L.I.N.A. SRL";
;"F";"259";"ROMA";"RM";"40";"METAENERGIA SPA";
;"F";"483";"ROMA";"RM";"40";"TSH COLLAB ITALY SRL";
;"F";"567";"ROMA";"RM";"40";"TSH FLORENCE OPCO SRL";
;"F";"458";"ROMA";"RM";"40";"SHENZHENSHI SHICHENDIANZISHANG";
;"F";"570";"ROMA";"RM";"40";"SPS INOVYS LOGISTIC SPA";
;"F";"176";"ROMA";"RM";"40";"ENEL SERVIZIO ELETTRICO SPA";
;"F";"248";"NEPI";"VT";"40";"I.P.A.SRL";
;"C";"79";"BRUXELLES";"BE";"14";"AGRIDISTRIBUTION SPRL";"25"
;"F";"182";"CASSINO";"FR";"40";"ROCCA 2000 DI ROCCA R.E c.SNC";
;"F";"321";"CASSINO";"FR";"40";"CONSORZIO TO WORK";
;"F";"486";"CASSINO";"FR";"40";"MINERVA SRLS";
"DSCEU";"C";"113";"APRILIA";"LT";"14";"EUROSPIN LAZIO SPA";"7"
"ECO";"C";"9";"FONDI";"LT";"13";"CLIENTE 3";"7"
;"F";"533";"LATINA";"LT";"40";"VIVARELLI CONSULTING SRLS";
"DET";"C";"148";"LATINA";"LT";"14";"WHITE RICEVIMENTI SRL";"7"
;"F";"15";"CITERNA";"PG";"40";"BOSCHI 1881 SRL";
;"F";"506";"CITTA' DI CASTELLO";"PG";"40";"OFFICE SHOP DI TANZI MARCO";
;"F";"611";"CITTA' DI CASTELLO";"PG";"40";"L'ABBONDANZA SRL";
;"F";"415";"SPELLO";"PG";"40";"IL TARTUFO DI PAOLO DI";
;"F";"102";"CASTIGLION DEL LAGO";"PG";"40";"COOP CENTRO ITALIA";
;"F";"208";"CASTIGLIONE DEL LAGO";"PG";"40";"A 360 GRADI BAR CAFFETTERIA DI";
"GDOCO";"C";"4";"CASTIGLIONE DEL LAGO";"PG";"14";"COOP CENTRO ITALIA";"18"
;"F";"476";"MAGIONE PERUGIA";"PG";"40";"FRANTOI OLEARI ITALIANI SRL";
;"F";"497";"MAGIONE";"PG";"40";"EUROSPIN TIRRENICA SPA";
"DSCEU";"C";"116";"MADON.DI SOCCORSO MAGIONE";"PG";"14";"EUROSPIN TIRRENICA SPA";"18"
;"F";"305";"PONTE SAN GIOVANNI";"PG";"40";"IPERSERVICE SOC. COOPERATIVA";
;"C";"26";"PONTE SAN GIOVANNI";"PG";"14";"G.M.F.SPA";"18"
;"F";"40";"ST-LAURENT-DU-VAR";"FR";"40";"BARBERO TRANSPORTS";
"DIS";"C";"69";"ARHUS C DANIMARCA";"DK";"14";"PASSIONE BY MARCELLO DA MILANO";"29"
;"C";"158";"BARCELLONA";"ES";"14";"VACACIONES eDREAMS SLU";
;"F";"589";"BARCELLONA";"ES";"40";"VACACIONES eDREMAS SLU -OPODO";
"DIS";"C";"161";"SPAGNA";"ES";"14";"PARTENOPE & BEVERAGE SL";"36"
;"F";"290";"HIRTSHALS";"DK";"40";"JELEX SEAFOOS A/S";
;"F";"296";"IVREA";"TO";"40";"VODAFONE ITALIA SPA";
;"F";"536";"CHIERI";"TO";"40";"ONE FOOD SRL";
;"F";"317";"SETTIMO TORINESE";"TO";"40";"JOOG SRL";
;"F";"9";"COLLEGNO";"TO";"40";"RCA IMBALLAGGI FLESSIBILI Srl";
;"F";"610";"TORINO";"TO";"40";"INTESA SAN PAOLO SPA";
;"F";"404";"TORINO";"TO";"40";"LEASYS SPA";
"ECO";"C";"27";"TORINO";"TO";"13";"CLIENTE 4";"12"
;"C";"33";"MOLENBEEK SAINT JEAN (BE)";"BE";"14";"SA ITALBERE";"25"
;"C";"37";"BRUXELLES -BELGIO";"BE";"14";"DELAGAZIONE ITALIANA NATO";"25"
;"C";"132";"Brussels-Belgium";"BR";"14";"D-Side s.a./n.v";
;"F";"485";"BRUSSELS BELGIUM";"BE";"40";"D-SIDE s.a./n.v.";
;"F";"410";"BORGO S.DALMAZZO";"CN";"40";"AZIENDA AGRIMONTANA SPA";
;"F";"250";"BRA";"CN";"40";"TESI SPA";
;"F";"352";"CLAVESANA";"CN";"40";"AGRITURISMO SAN MARTINO DI";
;"F";"326";"CUNEO";"CN";"40";"EUROFINS CHEMICAL CONTROL SRL";
;"F";"73";"ASTI";"AT";"40";"PASCUZZI MICHELE";
;"F";"481";"NOVI LIGURE";"AL";"40";"GAMBAROTTA SRL";
;"F";"170";"SAN GIULIANO NUOVO";"AL";"40";"IDA S.R.L.";
"DIS";"C";"129";"SINT PIETERS  LEEUW";"BE";"14";"STIVAL SA NV";"25"
;"F";"608";"SAN COLOMBANO CERTENOLI";"GE";"40";"PRATO SERVICE DI DANILO";
"ECO";"C";"35";"CHIAVARI";"GE";"13";"CLIENTE 5";"8"
;"F";"101";"GENOVA";"GE";"40";"ITA ISTITUTO TECNOLOGIE";
;"C";"75";"GENOVA";"GE";"14";"FOREAT SRL";"8"
;"F";"207";"GENOVA";"GE";"40";"IREN MERCATO SPA";
;"C";"46";"GENOVA";"GE";"14";"EURO EXPRESS DI ABUL KADER";"8"
;"F";"194";"GENOVA";"GE";"40";"CODELUPPI MASSIMO";
;"C";"55";"GENOVA SESTRI PONENTE";"GE";"14";"BOTTEGA DELLA CARNI DI";"8"
;"F";"179";"BOLZANETTO";"GE";"40";"SOGEGROSS SPA";
;"F";"556";"GENOVA";"GE";"40";"MA.PRI.COM SPA";
"C&C";"C";"47";"GENOVA";"GE";"14";"SOGEGROSS SPA";"8"
;"C";"123";"FIGUERES-GIRONA";"ES";"14";"PRIMEFARMA S.L.";
;"F";"445";"FIGUERES-GIRONA";"ES";"40";"PRIMEFARMA S.L.";
;"C";"53";"SANREMO";"IM";"14";"PENGUE MASSIMO SAS";"8"
;"C";"58";"VENTIMIGLIA";"IM";"14";"EMEA SRL";"8"
"DIS";"C";"156";"VILLENEUVE-VD";"CH";"14";"GASTRONOMIA ITALIA-TEDESCO";"28"
;"F";"281";"BOCCA DI MAGRA";"SP";"40";"LA LUCERNA DI FERRO GIUSEPPINA";
;"C";"54";"SANTERENZO LERICI";"SP";"14";"CLIENTE 42";"8"
"ECO";"C";"25";"SARZANA";"SP";"13";"CLIENTE 6";"8"
;"F";"289";"SETTIMO MILANESE";"MI";"40";"LA COMIDA SRL";
;"F";"518";"LAINATE";"MI";"40";"ROTOPRINT SOVRASTAMPA SRL";
;"F";"7";"PARE'";"CO";"40";"TRAFILE TURCONI S.r.l.";
"DIS";"C";"118";"LAINATE";"MI";"14";"FERRAIUOLO FOODS SRLS";"28"
"ECO";"C";"16";"CERRO MAGGIORE";"MI";"13";"CLIENTE 7";"9"
;"F";"478";"NOVATE MILANESE";"MI";"40";"CONSORZIO S.A.F.R.A SOC.COOPER";
"ECO";"C";"10";"NOVATE MILANESE";"MI";"13";"CLIENTE 8";"9"
;"F";"351";"SENAGO";"MI";"40";"CSI SPA";
;"F";"423";"PADERNO DUGNANO";"MI";"40";"BARENTZ SERVICE SPA";
;"F";"200";"MONZA";"MI";"40";"WITT ITALIA SRL";
;"F";"414";"TREZZO SULL'ADDA";"MI";"40";"SPS IDEA.LOGISTIC SRL";
;"F";"149";"CERNUSCO SUL NAVIGLIO";"MI";"40";"DRYCE ITALIA SRL";
;"F";"56";"CERNUSCO SUL NAVIGLIO";"MI";"40";"PENNY MARKET ITALIA SRL";
;"F";"563";"CERNUSCO SUL NAVIGLIO";"MI";"40";"TIDIEMME SRL";
"DSC";"C";"10";"CERNUSCO SUL NAVIGLIO";"MI";"14";"PENNY MARKET ITALIA SRL";"16"
"DSC";"C";"91";"CERNUSCO SUL NAVIGLIO";"MI";"14";"PENNY MARKET SRL";"16"
;"F";"379";"GORGONZOLA";"MI";"40";"KOPRON SPA";
;"F";"441";"MELZO";"MI";"40";"DUE SPADE SRL";
;"F";"234";"PESCHIERA BORROMEO";"MI";"40";"TECNOSOFT SRL";
;"F";"356";"PESCHIERA BORROMEO";"MI";"40";"LETIZIA SRL";
;"F";"299";"NOVIGLIO";"MI";"40";"TRATT.LA MADONNINA DI MERMENTI";
;"F";"369";"LOCATE DI TRIULZI";"MI";"40";"TRAT.GRASS DE ROST DI REGONATI";
;"F";"117";"ROZZANO MILANOFIORI";"MI";"40";"AUCHAN SPA";
"GDO";"C";"11";"ROZZANO MILANOFIORI";"MI";"14";"AUCHAN SPA";"9"
"GDO";"C";"22";"ROZZANO MILANOFIORI";"MI";"14";"SMA SUPERMERCATI SPA";"9"
"ECO";"C";"37";"BUCCIANASCO";"MI";"13";"CLIENTE 43";"9"
;"F";"171";"OPERA";"MI";"40";"TIBI HOLDING SRL";
;"F";"199";"RODANO";"MI";"40";"PACK SERVICES SRL";
;"F";"247";"OPERA";"MI";"40";"GEFA SRL";
;"F";"419";"MONZA";"MB";"40";"LZ Rappresentanze di GIANA";
;"F";"44";"OPERA";"MI";"40";"TABO SRL";
;"F";"77";"PIEVE EMANUELE";"MI";"40";"COOP CONSORZIO NORD OVEST";
"GDOCO";"C";"86";"PIEVE EMANUELE";"MI";"14";"COOP CONSORZIO NORD OVEST S.";"9"
"GDOES";"C";"5";"LIMITO DI PIOLTELLO";"MI";"14";"ESSELUNGA SPA";"16"
"GDOES";"C";"6";"LIMITO DI PIOLTELLO";"MI";"14";"ESSELUNGA SPA";"9"
"GDOES";"C";"7";"LIMITO DI PIOLTELLO";"MI";"14";"ESSELUNGA SPA";"9"
"GDOES";"C";"81";"LIMITO DI PIOLTELLO";"MI";"14";"ESSELUNGA SPA";"9"
;"C";"14";"BRESSO";"MI";"14";"GARTICO SOC. CONSORTILE A R.L.";"9"
;"F";"100";"BRESSO";"MI";"40";"GARTICO SOCIETA'CONSOR. A R.L.";
;"F";"293";"BRESSO";"MI";"40";"RIALTO SRL";
"GDO";"C";"62";"BRESSO";"MI";"14";"RIALTO SPA";"9"
;"F";"544";"CINISELLO BALSAMO";"MI";"40";"CAMBIELLI EDILFRIULI SPA";
"ECO";"C";"24";"COLOGNO MONZESE";"MI";"13";"CLIENTE 9";"9"
;"F";"286";"PIOLTELLO";"MI";"40";"WANNA S 199 SAS DI LEI JUN C";
;"F";"48";"LIMITO DI PIOLTELLO";"MI";"40";"ESSELUNGA SPA";
;"F";"309";"SAN DONATO MILANESE";"MI";"40";"METRO ITALIA AND CASH CARRY";
"C&C";"C";"87";"SAN DONATO MILANESE";"MI";"14";"METRO ITALIA CASH AND CARRY";"16"
;"F";"333";"SESTO SAN GIOVANNI";"MI";"40";"ROSSORIMINI SRL";
;"F";"355";"SESTO SAN GIOVANNI";"MI";"40";"SEVEN SRL";
;"F";"601";"SESTO SAN GIOVANNI";"MI";"40";"FeB SRL";
;"F";"139";"MILANO";"MI";"40";"SMA SPA SOC.UNIP.SOGG.A DIR.E";
;"F";"197";"MILANO";"MI";"40";"DI PER DI SRL";
;"F";"229";"MILANO";"MI";"40";"GS SPA";
;"F";"386";"MILANO";"MI";"40";"LA PICCOLA ISCHIA DI";
;"F";"92";"MILANO";"MI";"40";"BIZERBA SPA";
;"F";"310";"MILANO";"MI";"40";"GS1 ITALY SERVIZI SRL";
;"F";"490";"MILANO";"MI";"40";"IUBENDA SRL";
;"F";"178";"MILANO";"MI";"40";"IBC ASSOCIAZIONE INDUSTRIE";
;"F";"180";"MILANO";"MI";"40";"TESTO SPA";
;"F";"298";"MILANO";"MI";"40";"MANPOWER SRL";
;"F";"565";"MILANO";"MI";"40";"HOTEL BRESSO SRL";
;"F";"13";"MILANO";"MI";"40";"SAPIO PROD.IDR.OSSIGENO SRL";
;"F";"214";"MILANO";"MI";"40";"4G RETAIL SRL";
;"F";"85";"MILANO";"MI";"40";"TIM SPA";
;"F";"261";"MILANO";"MI";"40";"LA PESA TRATTORIA SRL";
;"F";"282";"MILANO";"MI";"40";"PRATICHE.IT SRL";
;"F";"368";"MILANO";"MI";"40";"OPENJOBMETIS SPA";
;"F";"474";"MILANO";"MI";"40";"WEBINARPRO SRL";
;"F";"541";"MILANO";"MI";"40";"THERMA SRL";
;"F";"564";"MILANO";"MI";"40";"EDENRED ITALIA SRL";
;"F";"585";"MILANO";"MI";"40";"ENJOY PROMOTION SRL";
;"F";"599";"MILANO";"MI";"40";"BLU SERVICE SRL";
;"F";"562";"MILANO";"MI";"40";"EFFEGI SNC DI PETTA FELICE E";
;"C";"150";"MILANO";"MI";"14";"SAM SENSORY AND MARKETING";
;"F";"538";"MILANO";"MI";"40";"SAM SENSORY AND MARKETING";
;"F";"350";"MILANO";"MI";"40";"GEM SAS DI ENNIO SCAVO & C.";
;"F";"428";"MILANO";"MI";"40";"VERA SRL";
;"F";"477";"MILANO";"MI";"40";"IPER MONTEBELLO SPA";
;"F";"502";"MILANO";"MI";"40";"A.MANZONI & C.SPA";
;"F";"574";"MILANO";"MI";"40";"AL GRISSINO SRL";
"GDO";"C";"121";"MILANO";"MI";"14";"IPER MONTEBELLO SPA";"9"
;"F";"156";"MILANO";"MI";"40";"SISTEMA HOTEL EXPO 2015 SRL";
;"F";"22";"MILANO";"MI";"40";"AMINO PACK SPA";
;"F";"319";"MILANO";"MI";"40";"PROMETEO SOCIETA' COOPERATIVA";
;"F";"314";"MILANO";"MI";"40";"GREENLINECIRVI SRLS";
;"F";"240";"MILANO";"MI";"40";"PRODOTTI GIANNI SRL";
;"F";"237";"MILANO";"MI";"40";"SOONERS SRL";
;"F";"254";"MILANO";"MI";"40";"COOP LOMBARDIA SOC.COOPERATIVA";
;"F";"6";"MILANO";"MI";"40";"MASTERPACK S.p.A";
"ECO";"C";"1";"MILANO";"MI";"13";"CLIENTE 10";"9"
;"F";"417";"MILANO";"MI";"40";"LA BARCHETTA SRL";
;"F";"138";"MILANO";"MI";"40";"S.S.C.SOC.SVILUPPO COMMERC.SRL";
;"F";"218";"MILANO";"MI";"40";"MYCHEF RIST.comm.spa";
;"F";"388";"MILANO";"MI";"40";"CARREFOUR ITALIA FINANCE SRL";
;"F";"425";"MILANO";"MI";"40";"AL GRISEA DI FILOSA G&C.SAS";
"GDOGS";"C";"127";"MILANO";"MI";"14";"GS SPA";"16"
"GDOGS";"C";"128";"MILANO";"MI";"14";"GS SPA";"16"
"GDOGS";"C";"20";"MILANO";"MI";"14";"S.S.C. SOC.SVIL.COMMER.SRL";"9"
"GDOGS";"C";"52";"MILANO";"MI";"14";"DiperDi S.r.l.";"16"
"GDOGS";"C";"67";"MILANO";"MI";"14";"S.S.C.SOC.SVIL.COMMERCIALE SRL";"16"
"GDOGS";"C";"71";"MILANO";"MI";"14";"GS SPA";"9"
"GDOGS";"C";"92";"MILANO";"MI";"14";"GS SPA";"9"
;"F";"365";"MILANO";"MI";"40";"EXPERIENCE PMR SRL";
;"F";"619";"MILANO";"MI";"40";"OTIM Spa";
"DET";"C";"110";"MILANO";"MI";"14";"RISTORANTE AL TRONCO SAS DI";"9"
;"F";"72";"MILANO";"MI";"40";"FACCHINI GROUP SRL";
;"F";"493";"MILANO";"MI";"40";"BRT SPA";
;"C";"17";"Irun-Guipuzcoa (ESPAGNA)";"ES";"14";"SOLBES GOURME, S.L.";"23"
;"F";"532";"VERANO BRIANZA";"MB";"40";"MEDIAMARKET SPA";
;"F";"438";"BRUGHERIO";"MI";"40";"SPORTING BRIGHERIO DI";
;"F";"330";"CAVENAGO";"MB";"40";"STARDUST SRL";
;"F";"235";"CARONNO PERTUSELLA";"VA";"40";"VISKASE SPA";
"ECO";"C";"6";"CASTIGLIONE OLONA";"VA";"13";"CLIENTE 11";"9"
;"F";"3";"BUSTO ARSIZIO";"VA";"40";"A.D.E.A. S.r.l.";
;"F";"492";"VARESE";"VA";"40";"VIDEOJET ITALIA SRL";
;"F";"446";"LIPOMO";"CO";"40";"VERGA SRL";
;"F";"398";"LOCATE VARESINO";"CO";"40";"CASTIGLIONI SRL";
;"F";"213";"CADORAGO";"CO";"40";"ALMA SRL";
;"F";"622";"LURATE CACCIVIO";"CO";"40";"DOMINIONI SRL";
;"F";"411";"TURATE";"CO";"40";"MARTINI ALFREDO SPA";
;"F";"530";"COMO";"CO";"40";"EL PRIMERO SRL";
;"F";"393";"DUBINO";"SO";"40";"CONTEA SRL";
;"F";"161";"VIRGINIA USA";"US";"40";"REGISTRAR CORP";
;"F";"508";"INTROBIO";"LC";"40";"GILDO DEI F.LLI CIRESA W&C SNC";
;"F";"84";"BRIVIO";"LC";"40";"ALI BIG INDUSTRIA ALIMENT.SRL";
"ECO";"C";"30";"CASTEL ROZZONE";"BG";"13";"CLIENTE 12";"9"
;"F";"605";"BERGAMO";"BG";"40";"BRIVIO & VIGANO' LOGISTISC SRL";
;"F";"376";"ROVATO";"BS";"40";"SWS PRINTING SRL";
;"F";"316";"CIVIDATE CAMUNO";"BS";"40";"HYGEIA SRL";
;"F";"339";"BRESCIA";"BS";"40";"STUDIOSTANDS.IT";
;"F";"617";"BRESCIA";"BS";"40";"FOOD SERVICE SRL";
"ECO";"C";"32";"PIERANICA";"CR";"13";"CLIENTE 13";"9"
"ECO";"C";"26";"CASTIGLIONE D'ADDA";"LO";"13";"CLIENTE 14";"9"
"ECO";"C";"28";"CASTIGLIONE D'ADDA";"LO";"13";"CLIENTE 15";"9"
;"F";"244";"CASLAMIOCCO";"LO";"40";"POLLONI ROMANO";
"ECO";"C";"12";"ZELO BUON PERSICO";"LO";"13";"CLIENTE 16";"9"
;"F";"157";"PIEVE DI FISSIRAGA";"LO";"40";"LODI SK SRL";
;"C";"73";"LODI";"LO";"14";"CLIENTE 44";"9"
;"F";"233";"LODI";"LO";"40";"A.F.LOGISTICS SPA";
"ECO";"C";"34";"LODI";"LO";"13";"CLIENTE 17";"9"
;"F";"75";"SIZIANO";"PV";"40";"CONSORZIO EUROPA";
"DOOSI";"C";"13";"SIZIANO";"PV";"14";"CONSORZIO EUROPA S.C.P.A";"9"
;"F";"620";"BRONI";"PV";"40";"M.HOTEL DON CARLO HDMC A 21";
;"F";"596";"CRESSA";"NO";"40";"NORMA GIAMPANI";
;"F";"519";"MOMO";"NO";"40";"ARTIC SERVICE SRL IN LIQUIDAZ.";
;"F";"420";"CASALINO";"NO";"40";"MARIO COSTA SPA";
;"F";"221";"NOVARA";"NO";"40";"CONSORZIO PER LA TUTELA DEL";
;"F";"511";"NOVARA";"NO";"40";"BIOS LABORATORI SRL";
;"F";"520";"NOVARA";"NO";"40";"NUOVA SIDAP SRL";
;"F";"64";"NOVARA";"NO";"40";"AUTOGRILL SPA";
;"F";"566";"NOVARA";"NO";"40";"NUOVA SIDAP SRL";
;"F";"587";"ALSENO";"PC";"40";"EL.MA SRL";
;"F";"507";"VIGOLZONE";"PC";"40";"AZ.AGR UCCELLAIA";
;"F";"267";"QUARTO D'ALTINO";"VE";"40";"PIXARTPRINTING SPA";
;"F";"470";"VENEZIA";"VE";"40";"COIN SPA";
;"F";"57";"MOGLIANO VENETO";"TV";"40";"GENERALI ITALIA SPA";
;"F";"495";"RESANA";"TV";"40";"CHELAB SRL";
;"F";"263";"BORSO DEL GRAPPA";"TV";"40";"TONIOLO CASEARIA SPA";
;"F";"460";"CAERANO DI SAN MARCO";"TV";"40";"FRESCOLAT SRL";
;"F";"238";"CASTELFRANCO VENETO";"TV";"40";"FIOR SRL";
;"F";"578";"RIESE PIO X";"TV";"40";"SOLIDATA SRL";
;"F";"590";"GIAVERA DEL MONTELLO";"TV";"40";"LATTERIA MONTELLO SPA";
;"F";"560";"ODERZO";"TV";"40";"LIFEANALYTICS SRL";
;"F";"239";"PEDAVENA";"BL";"40";"LA BIRRERIA SRL";
;"F";"408";"PORDENONE";"PN";"40";"ELETTROLUX PROFESSIONAL SPA";
"DIS";"C";"9";"BORDEAUX";"FR";"14";"ITALDIRECT SARL";"21"
;"F";"313";"VILLESSE";"GO";"40";"LATTERIA MONTANARI SRL";
;"F";"169";"TRIESTE";"TS";"40";"ALLIANZ SPA";
"DIS";"C";"149";"SAETRE-NORWAY";"NO";"14";"SMAK av ITALIA AS";"30"
;"F";"512";"LIMENA";"PD";"40";"TECTRONIK SRL";
;"F";"315";"CONSELVE";"PD";"40";"EPTA NORD SRL";
"ECO";"C";"31";"NOVENTA PADOVANA";"PD";"13";"CLIENTE 45";"9"
;"F";"442";"VEGGIANO";"PD";"40";"C.e M.FOOD SRL";
;"F";"557";"SANT-URBANO";"PD";"40";"CASEIFICIO 2000 DI PASQUI ELIA";
;"F";"522";"PADOVA";"PD";"40";"IFIN SISTEMI SRL";
;"F";"598";"PADOVA";"PD";"40";"FAVERO ANTONIO SRL";
;"F";"20";"PADOVA";"PD";"40";"NIMS s.p.a.";
;"F";"219";"THIENE";"VI";"40";"CSQA CERTIFICAZIONI SRL";
;"F";"604";"ORGIANO";"VI";"40";"FRIGORGIANO SRL";
;"F";"327";"MONTEGALDA";"VI";"40";"TRATTORIA CULATA SNC DI MELOSU";
;"F";"28";"MONTEVIALE";"VI";"40";"SOSTER s.r.l.";
;"F";"600";"ARZIGNANO";"VI";"40";"LINEA FLESH SRL";
"ECO";"C";"38";"VICENZA";"VI";"13";"CLIENTE 18";"20"
;"F";"62";"VESTEVANOVA";"VR";"40";"CASEIFICIO ELDA SRL";
"DSCEU";"C";"111";"SAN MARTINO BUON ALBERGO";"VR";"14";"EUROSPIN ITALIA SPA";"16"
"DSCEU";"C";"112";"SAN MARTINO BUON ALBERGO";"VR";"14";"SPESA INTELLIGENTE SPA";"14"
;"F";"357";"ARCOLE";"VR";"40";"TWISTER FOOD SRL";
;"F";"609";"ARCOLE";"VR";"40";"LIDL ITALIA SRL A SOCIO UNICO";
"DSC";"C";"97";"ARCOLE";"VR";"14";"LIDL ITALIA SRL";"16"
;"F";"550";"BELFIORE";"VR";"40";"MAXI DI SRL";
"DSC";"C";"151";"BELFIORE";"VR";"14";"MAXI DI SRL";"20"
;"F";"202";"SANGUINETTO";"VR";"40";"BORIN SRL";
;"F";"277";"NOGAROLE ROCCA";"VR";"40";"SVAT SPA";
;"F";"501";"NOGAROLE ROCCA";"VR";"40";"STEF NOGAROLE SRL";
;"F";"203";"VERONA";"VR";"40";"NEW FOOD SAS DI M.MAGARAGGIA &";
;"F";"392";"VERONA";"VR";"40";"D.A.S.DIFESA AUTOMOBILISTICA";
;"F";"433";"VERONA";"VR";"40";"PIERLUIGI ZANOLLI";
;"F";"303";"FAI DELLA PAGANELLA";"TN";"40";"HOTEL PAGANELLA SNC DI";
;"F";"224";"CAVALESE";"TN";"40";"BONINSEGNA ANDREA";
;"F";"329";"ORA";"BZ";"40";"TSCHURTSCH SAS DI PICHLER";
;"F";"455";"ORA";"BZ";"40";"TROTEC INTERNATIONAL GMBH-SAS";
;"F";"105";"EGNA";"BZ";"40";"WURTH SRL";
;"F";"225";"BOLZANO";"BZ";"40";"NAGEL ITALIA SRL";
;"F";"284";"BOLZANO";"BZ";"40";"EUROPCAR ITALIA SPA";
;"F";"328";"BOLZANO";"BZ";"40";"ASPIAG SERVICE SRL";
;"F";"572";"BOLZANO";"BZ";"40";"ALDI SRL";
"DSC";"C";"131";"BOLZANO";"BZ";"14";"ALDI SRL COD.09717";"9"
"GDODE";"C";"80";"BOLZANO";"BZ";"14";"ASPIAG SERVICES SRL";"20"
;"F";"251";"CASTEL MAGGIORE";"BO";"40";"MULTI3 SRL";
"ECO";"C";"3";"CALDERINO";"BO";"13";"CLIENTE 19";"5"
"ECO";"C";"4";"MOLINELLA";"BO";"13";"CLIENTE 20";"5"
;"F";"114";"BOLOGNA";"BO";"40";"O.S.CARD SRL";
;"F";"389";"BOLOGNA";"BO";"40";"BOLOGNA e FIERA PARKING SPA";
;"F";"513";"BOLOGNA";"BO";"40";"SOC.PUBBILICITA' EDITORIALE E";
;"F";"204";"CARPI";"MO";"40";"CAMAR ELETTRONICA SRL";
;"F";"111";"CASTELVETRO DI MODENA";"MO";"40";"CHEF EXPRESS SPA";
;"F";"33";"SETTECANI DI CASTELVETRO";"MO";"40";"SIMONINI SPA";
;"F";"246";"RAVARINO";"MO";"40";"SILAND SRL";
;"F";"363";"RAVARINO";"MO";"40";"PRODOTTI TECNICHE MODERNE SRL";
;"F";"189";"BOMPORTO";"MO";"40";"TECNAFOOD SRL";
;"F";"580";"MEDOLLA";"MO";"40";"MENU' SRL";
;"F";"196";"MODENA";"MO";"40";"CERTIFOOD DI MARCO IAZZI";
;"F";"471";"MODENA";"MO";"40";"PARMAGGIOREGGIO SPA";
;"F";"201";"MODENA";"MO";"40";"NEOTRON SPA";
;"F";"341";"PORTILE DI MODENA";"MO";"40";"GIOVETTI RENZO SRL";
;"F";"354";"MODENA";"MO";"40";"NEOTRON SPA";
;"F";"401";"GUASTALLA";"RE";"40";"TUTTO PER L'IMBALLO SPA";
;"F";"153";"ARCETO";"RE";"40";"STEFANINI E F.LLI SNC DI";
;"F";"503";"CASTELNOVO DI SOTTO";"RE";"40";"EUROFINS PIVETTI SRL";
;"F";"362";"MONTECCHIO EMILIA";"RE";"40";"IL NUOVO FRESCO SRL";
;"F";"487";"SANT'ILARIO D'ENZA";"RE";"40";"DALTER ALIMENTARI SRL";
;"F";"528";"REGGIO NELL'EMILIA";"RE";"40";"COOPSERVICE S.COOP.P.A";
;"F";"260";"SESSO";"RE";"40";"D.M.CONFEZIONI SNC DI GABBI";
;"F";"387";"REGGIO NELL'EMILIA";"RE";"40";"I.T.ALI SRL";
;"F";"422";"REGGIO NELL'EMILIA";"RE";"40";"REIRE SRL";
;"F";"452";"REGGIO NELL'EMILIA";"RE";"40";"CONSORZIO DEL FORMAGGIO";
;"F";"220";"FELEGARA";"PR";"40";"FIPAL SRL";
;"F";"584";"BASILICANOVA";"PR";"40";"SALUMIFICIO TRASCINELLI P.SRL";
;"F";"252";"FIDENZA";"PR";"40";"ERREGI SRL";
;"F";"295";"FIDENZA";"PR";"40";"PARMAMENU' SRL";
;"F";"253";"SALSOMAGGIORE TERME";"PR";"40";"ARBUSTI TIZIANA E GIUSEPPE SNC";
;"F";"268";"SALSOMAGGIORE TERME";"PR";"40";"LA PORCHETTA SRL";
;"F";"269";"SALSOMAGGIORE TERME";"PR";"40";"GLOBAL TOURS SRL";
;"F";"270";"SALSOMAGGIORE TERME";"PR";"40";"TRATTORIA LA FRASCA DI";
;"F";"343";"SALSOMAGGIORE TERME";"PR";"40";"ANTICO BORGO DI TREBBIANO";
;"F";"167";"SORBOLO";"PR";"40";"IFSA SRL";
;"F";"279";"SORBOLO";"PR";"40";"GELATI SRL";
;"F";"377";"SORBOLO";"PR";"40";"GRUPPO GELATI SRL";
;"F";"427";"SORBOLO";"PR";"40";"BERCIGA FERNANDO";
;"F";"537";"PARMA";"PR";"40";"ITALPAST SRL";
;"F";"612";"PARMA";"PR";"40";"MULTIPLO SRL";
;"F";"613";"PARMA";"PR";"40";"GUSTO SNC DI GIOVANNA BRUGNOLI";
;"F";"621";"PARMA";"PR";"40";"FOOD SRL";
;"C";"43";"SAN PROSPERO PARMENSE";"PR";"14";"STEF ITALIA SPA";"5"
;"F";"183";"PARMA";"PR";"40";"STEF INTERNATIONAL ITALIA SRL";
;"F";"38";"SAN PROSPERO PARMENSE";"PR";"40";"STEF ITALIA SPA";
;"F";"542";"PARMA";"PR";"40";"AI DUE PLATANI SRL";
;"F";"547";"PARMA";"PR";"40";"HOTEL DANIEL RIST.COCCHI SRL";
;"F";"592";"PARMA";"PR";"40";"FIERE DI PARMA";
;"F";"614";"CENTO";"FE";"40";"EASY TECH SAS";
;"F";"454";"FERRARA";"FE";"40";"NICOLA GUIDOBONI";
;"C";"119";"BOCHUM";"DE";"14";"G DATA CYBERDEFENSE SG";
;"F";"434";"BOCHUM";"DE";"40";"G DATA CYBERDEFENSE AG";
;"F";"480";"SAN MARTINO DI VENEZZE";"RO";"40";"CARLO CRIVELLIN SRL";
;"F";"168";"ARQUA' POLESINE";"RO";"40";"R.G.M.SRL";
;"F";"10";"ROVIGO";"RO";"40";"GRANDI MOLINI ITALIANI SPA";
;"F";"98";"CASTELLUCCHIO";"MN";"40";"LEVONI S.p.A";
;"F";"450";"OSTIGLIA";"MN";"40";"ELLA DI ELSA CUGOLA";
;"F";"523";"OSTIGLIA";"MN";"40";"ELLA SRL";
;"F";"575";"MARENGO DI MARMIROLO";"MN";"40";"NOVELLINI FOOD SRL";
;"F";"297";"MANTOVA";"MN";"40";"APCOA PARKING ITALIA SPA";
;"F";"603";"SANTA SOFIA";"FC";"40";"BIO ITALY SERVICE SRL";
;"F";"491";"ROCCOFREDDO";"FC";"40";"SOC.AGR.GUIDI DI RONCOFREDDO";
;"F";"173";"CESENA";"FC";"40";"IRIDE CONSULTING SRL";
;"C";"105";"GAMBETTOLA";"FC";"14";"MAESTRI PINO S.R.L.";
;"F";"597";"GATTEO A MARE";"FC";"40";"COMCART SRL";
;"F";"510";"REGGIO EMILIA";"RE";"40";"PR ITALIA SRLS";
;"F";"141";"FORLI'";"FC";"40";"AGRIFLEX SRL";
;"C";"59";"CESENA";"FC";"14";"ROMAGNA MARKET SAS";"5"
;"C";"60";"CALABRINA DI CESENA";"FC";"14";"SUPERMERCATO QUATTRO B SNC DI";"5"
;"F";"35";"CESENA";"FC";"40";"OROGEL S.P.A. CONSORTILE";
;"F";"74";"CESENA";"FO";"40";"MAGNOLIA CONSULTING DI";
;"F";"95";"CESENA";"FC";"40";"ACQUAFRESCA TOSCANA SRL";
;"F";"116";"RICCIONE";"RN";"40";"FOOD & WINE PROJECT";
;"F";"5";"COTIGNOLA";"RA";"40";"VULCAFLEX PACKAGING S.R.L.";
;"F";"243";"BAGNACAVALLO";"RA";"40";"COMPAGNIA ITALIANA ALIMENTI";
;"F";"166";"LUGO";"RA";"40";"TRADUCO SRL";
;"F";"241";"S.M.IN FABRIAGO LUGO";"RA";"40";"EUROVO SRL";
;"F";"23";"BIBBIENA";"AR";"40";"TPC GROUP S.R.L.";
;"F";"595";"CAMPI BISENZIO";"FI";"40";"NESTERINI FEDERICO";
;"F";"18";"SCANDICCI";"FI";"40";"ETICHETTIFICIO L.P. s.a.s.";
;"F";"359";"SCANDICCI";"FI";"40";"INCHIP SRL";
;"F";"385";"SCANDICCI";"FI";"40";"MASINI LEONARDO";
"ECO";"C";"13";"SCANDICCI";"FI";"13";"CLIENTE 21";"16"
;"F";"366";"SESTO FIORENTINO";"FI";"40";"OPSON SRL";
;"F";"431";"SESTO FIORENTINO";"FI";"40";"OPSON SRL";
;"F";"421";"BARBERINO VAL D'ELSA";"FI";"40";"FLEXO ETICHETTE SRL";
;"F";"509";"PANZANO IN CHAINTI-GREVE";"FI";"40";"AZIENDA OLEARIA DEL CHIANTI";
;"F";"185";"IMPRUNETA";"FI";"40";"OSTERIA LA PORTA DEL CHIANTI";
;"C";"99";"TAVARNELLE VAL DI PESA";"FI";"14";"CENTRO RISTORO VALDIPESA SRL";"16"
;"F";"361";"TAVARNELLE VAL DI PESA";"FI";"40";"CENTRO RISTORO VALDIPESA SRL";
;"C";"133";"BORGO SAN LORENZO";"FI";"14";"CASSIGOLI ANDREA SAS";"16"
;"F";"331";"BORGO SAN LORENZO";"FI";"40";"SAURO CRESCIOLI";
;"F";"344";"BORGO SAN LORENZO";"FI";"40";"CASSIGOLI ANDREA & C.SAS";
;"F";"539";"BORGO SAN LORENZO";"FI";"40";"CRESCIOLI SAURO";
;"F";"558";"BORGO SAN LORENZO";"FI";"40";"CAMILLA CRESCIOLI";
;"F";"340";"SCARPERIA SAN PIERO A S.";"FI";"40";"STORICA FATTORIA PALAGIACCIO";
"DIS";"C";"94";"SCARPERIA SAN PIERO SIEVE";"FI";"14";"STORICA FATTORIA PALAGIACCIO";"16"
;"F";"205";"CALENZANO";"FI";"40";"MOLINO BORGIOLI s.p.a";
;"F";"283";"CALENZANO";"FI";"40";"RIST.IL PORTICO SRL";
;"F";"318";"CALENZANO";"FI";"40";"BOCCA BONA SRL";
;"F";"405";"CALENZANO";"FI";"40";"SOTEA SISTEM SRL";
;"F";"500";"CALENZANO";"FI";"40";"NENCINI SPORT SPA";
"DET";"C";"83";"PRATO";"PO";"14";"FCM FOOD & BEVERAGE SRL";"16"
;"F";"41";"PRATO";"PO";"40";"E.S.TR.A Elettricita' S.P.A";
;"F";"426";"MONTAIONEUIDI";"FI";"40";"CASANOVA TOSCANA FOOD SRL";
;"F";"453";"MONTAIONE";"FI";"40";"ITALCONF SRL";
;"F";"573";"CAPRAIA E LIMITE";"FI";"40";"GUSTI TOSCANI gluten free Srl";
;"F";"136";"CASTELFIORENTINO";"FI";"40";"CALUGI SRL";
;"F";"96";"EMPOLI";"FI";"40";"PASTIFICIO MONTI FRANCESCO srl";
;"F";"14";"EMPOLI";"FI";"40";"IMBALLPLAST s.r.l.u.";
;"F";"382";"EMPOLI";"FI";"40";"IMBALLPLAST GROUP SRL";
;"F";"482";"LASTRA A SIGNA";"FI";"40";"GRG SRL";
;"F";"209";"VINCI";"FI";"40";"ROTOCEL BROKERS SRL";
;"F";"403";"VINCI";"FI";"40";"COSMOPACK SRL";
;"F";"479";"DICOMANO";"FI";"40";"C.A.T. TELECOMUNICAZIONI SRL";
;"F";"488";"DICOMANO";"FI";"40";"RIST.SERGIO SNC DI NALDONI GeC";
;"F";"546";"DICOMANO";"FI";"40";"MASSIMO RAVICIOLI";
;"C";"12";"FIGLINE VALDARNO";"FI";"14";"F.LLI RIGHI SRL";"9"
;"F";"424";"FIGLINE VALDARNO";"FI";"40";"LA LOGGIA SPORT SRL";
;"F";"551";"FIGLINE VALDARNO";"FI";"40";"LA FENICE BUSINNES SOLUTION";
"ECO";"C";"17";"FIGLINE VALDARNO";"FI";"13";"CLIENTE 22";"16"
;"F";"61";"PONTASSIEVE";"FI";"40";"SALUMIFICIO GERINI SPA";
;"F";"265";"RIGNANO SULL'ARNO";"FI";"40";"IL TRIANGOLO SRL";
"DET";"C";"44";"RIGNANO SULL'ARNO";"FI";"14";"STOPPIONI EDOARDO & MARCO SNC";"16"
;"F";"459";"FIRENZE";"FI";"40";"BELERIAN EMANUELA";
;"F";"162";"FIRENZE";"FI";"40";"FIRENZE PARCHEGGI SPA";
;"F";"591";"FIRENZE";"FI";"40";"SWEET LUNGARNO SRL";
"DOO";"C";"137";"FIRENZE";"FI";"14";"CARTER SRL";"1"
;"F";"184";"FIRENZE";"FI";"40";"ELLEMME SRL";
;"F";"394";"FIRENZE";"FI";"40";"PROMOZIONE FIRENZE AZIENDA";
;"F";"593";"FIRENZE";"FI";"40";"DITTA ARTIGRAFICHE ESSEGI SNC";
;"F";"275";"FIRENZE";"FI";"40";"VITTORIO FERRUZZI";
;"F";"413";"FIRENZE";"FI";"40";"RO.GI SNC DI MARCO GINESTRONI";
;"F";"45";"FIRENZE";"FI";"40";"FIRENZE SRL";
;"C";"163";"FIRENZE";"FI";"14";"NORDIC BREEZE DI KHERY";
;"F";"232";"FIRENZE";"FI";"40";"TOSCANA AEROPORTI SPA";
;"F";"581";"FIRENZE";"FI";"40";"FRANCESCO PERINI";
;"F";"606";"FIRENZE";"FI";"40";"NORDIC BREEZE DI KHEIRY";
"DET";"C";"124";"FIRENZE";"FI";"14";"ASSOCIAZIONE BANCO ALIMENTARE";
;"F";"128";"FIRENZE";"FI";"40";"UNICOOP FIRENZE";
;"F";"336";"FIRENZE";"FI";"40";"GALEON SRL";
"GDO";"C";"1";"FIRENZE";"FI";"14";"UNICOOP FIRENZE S.C.R.L.";"16"
"GDOCO";"C";"154";"FIRENZE";"FI";"14";"TERRE DI MEZZO SRL";"16"
;"F";"323";"FIRENZE";"FI";"40";"CHANGE TRAINING & CONSULTING";
;"F";"469";"FIRENZE";"FI";"40";"TRIADE DI MAGRO FELICE & C SAS";
;"C";"74";"FIRENZE";"FI";"14";"SEYTRADE SRL";"16"
"ECO";"C";"2";"FIRENZE";"FI";"13";"CLIENTE 23";"16"
;"F";"206";"FIRENZE";"FI";"40";"TECNOENGINEERING SRL";
;"F";"429";"FIRENZE";"FI";"40";"C.C.L.TOSCANA SOC.CONSORTILE";
;"F";"499";"FIRENZE";"FI";"40";"ON COMPANY SRL";
"DET";"C";"76";"FIRENZE";"FI";"14";"CONFRATERNITA DI MISERICORDIA";"16"
"ECO";"C";"11";"FIRENZE";"FI";"13";"CLIENTE 24";"16"
;"F";"448";"FIRENZE";"FI";"40";"COOP.FACCHINI CASTELLO S.C.P.A";
;"F";"47";"FIRENZE";"FI";"40";"ETIFOIL GROUP SRL";
"ECO";"C";"22";"FIRENZE";"FI";"13";"CLIENTE 25";"16"
"DET";"C";"138";"FIRENZE";"FI";"14";"ANTICHI SAPORI DEL CASENTINO";"16"
;"F";"360";"FIRENZE";"FI";"40";"LEONARDO PELLI";
"ECO";"C";"20";"FIRENZE";"FI";"13";"CLIENTE 26";"16"
"ECO";"C";"7";"FIRENZE";"FI";"13";"CLIENTE 27";"16"
"ECO";"C";"8";"FIRENZE";"FI";"13";"CLIENTE 28";"16"
;"C";"48";"FIRENZE";"FI";"14";"GASTRONOMIA LA META SNC DI";"16"
"DIS";"C";"160";"AUVELAIS-BELGIQUE";"BE";"14";"ITAL-GAMMA";"25"
;"F";"103";"MASSA E COZZILE";"PT";"40";"COMODA SERVICE SRL";
;"F";"31";"MONTECATINI TERME";"PT";"40";"MISPACK SRLCR";
;"F";"231";"PIEVE A NIEVOLE";"PT";"40";"CARTOTECNICA LARI SRL";
;"F";"416";"PONTE BUGGIANESE";"PT";"40";"S.A.T.O.S SPA";
;"F";"154";"PISTOIA";"PT";"40";"AZ.AGR.DEMETRA VERDURE COTTE";
;"F";"217";"PISTOIA";"PT";"40";"RIST.MANZONI EUROPA'S SRL";
;"F";"436";"PISTOIA";"PT";"40";"CONAD NORD OVEST SOC.COOP";
;"F";"553";"PISTOIA";"PT";"40";"AZ.AGR.NANNI MARCO";
;"F";"78";"PISTOIA";"PT";"40";"CONAD DEL TIRRENO SOC.COOPERAT";
"DOOCN";"C";"109";"PISTOIA";"PT";"14";"CONAD NORD OVEST SOC.COOP";"16"
"DOOCN";"C";"15";"PISTOIA";"PT";"14";"CONAD DEL TIRRENO SOC. COOP";"16"
;"C";"103";"CHIUSI DELLA VERNA";"AR";"14";"AUTODEMOLIZIONE CORSALONE DI";
;"C";"70";"TALLA";"AR";"14";"PRO LOCO GUIDO MONACO TALLA";"16"
;"F";"11";"PORRENA POPPI";"AR";"40";"LOCANDA IL COCODE'";
;"F";"124";"SOCI";"AR";"40";"BERE E' DI TIZZANINI SAVERIO";
;"F";"125";"SUBBIANO";"AR";"40";"T.E.S.I.SRL";
;"F";"143";"SUBBIANO";"AR";"40";"DINI MARCO";
;"F";"187";"SAN P.IN FRAS.ORTIGNANO R";"AR";"40";"GIORGI COSTRUZIONI SRL";
;"F";"21";"SOCI";"AR";"40";"GE.TEL. DI BOSCHI BRUNO";
;"F";"226";"SUBBIANO";"AR";"40";"ALFANEWS SRL";
;"F";"262";"SOCI";"AR";"40";"LA VITE DI GHELLI CESARE";
;"F";"266";"CHIUSI DELLA VERNA";"AR";"40";"ELLE EFFE BRICO SRL";
;"F";"274";"SUBBIANO";"AR";"40";"MARINO FA MERCATO SPA";
;"F";"291";"CAPOLONA";"AR";"40";"ETICHETTIFICIO ARETINO SRL";
;"F";"34";"SOCI";"AR";"40";"CO.T.A.C. SCRL";
;"F";"37";"CHIUSI DELLA VERNA";"AR";"40";"CONTI PATRIZIA";
;"F";"380";"CHIUSI DELLA VERNA";"AR";"40";"AUTODEMOLIZIONE CORSALONE SNC";
;"F";"383";"ORTIGNANO RAGGIOLO";"AR";"40";"PANIFICIO FATUCCHI ENIO DI";
;"F";"51";"SOCI";"AR";"40";"AUTOFFICINA CANDOLESI SNC DI";
"DET";"C";"88";"CHIUSI DELLA VERNA";"AR";"14";"PRO-LOCO CORSALONE";
;"C";"108";"SOCI-BIBBIENA";"AR";"14";"AUTOFFICINA CANDOLESI SNC DI";
;"C";"159";"BIBBIENA";"AR";"14";"TPC GROUP SRL";
;"C";"57";"BIBBIENA";"AR";"14";"AL.TERROSSOLA DI ILIES MIHAELA";"16"
;"C";"61";"SOCI-BIBBIENA";"AR";"14";"IL RE DELLA GOLA SRL S";"5"
;"F";"107";"BIBBIENA";"AR";"40";"METI.R DI ROSAI CARLO";
;"F";"112";"BIBBIENA";"AR";"40";"ANDREA CERINI";
;"F";"140";"BIBBIENA";"AR";"40";"ARUBA SPA";
;"F";"142";"BIBBIENA";"AR";"40";"DEDALO PRINTING SNC";
;"F";"152";"BIBBIENA";"AR";"40";"CHALET SRL";
;"F";"16";"BIBBIENA";"AR";"40";"INGROSSO FERRAMENTA LODDI SRL";
;"F";"257";"SOCI";"AR";"40";"LA BUCA DI NARDINI DOMENICO";
;"F";"335";"SOCI-BIBBIENA";"AR";"40";"PAOLI AGRICOLTURA DI RENZETTI";
;"F";"375";"BIBBIENA";"AR";"40";"M.G.DI MAGRINI GIUSEPPE SRL";
;"F";"396";"BIBBIENA";"AR";"40";"EMPORIO AGRARIO SRL";
;"F";"406";"BIBBIENA";"AR";"40";"TECNORICAMBI CASENTINO SRL";
;"F";"432";"BIBBIENA";"AR";"40";"BERE E' SNC DI TIZZANINI S.E";
;"F";"505";"BIBBIENA";"AR";"40";"EASYTRADING SRL";
;"F";"514";"BIBBIENA";"AR";"40";"SCART IMBALLAGGI SRL";
;"F";"552";"BIBBIENA";"AR";"40";"XXL SERVICE SRL";
;"F";"568";"BIBBIENA";"AR";"40";"SBARBERI DI SBARBERI CARLO e";
;"F";"569";"BIBBIENA";"AR";"40";"METI SNC DI ROSAI C.& C.";
;"F";"58";"BIBBIENA";"AR";"40";"FORESTERIA CASENTINESE DI";
;"F";"59";"BIBBIENA";"AR";"40";"TELEFONISSIMO SAS DI BARTOLINI";
;"F";"97";"BIBBIENA";"AR";"40";"J.L. DI BARTOLOZZI DANIELE";
"DET";"C";"136";"BIBBIENA";"AR";"14";"L'ISOLA DEI SAPORI DI";"16"
;"F";"160";"BIBBIENA";"AR";"40";"NOTAIO ZAZZARO MARCELLO";
;"F";"292";"BIBBIENA";"AR";"40";"VIDEOTECNICA DI NORCINI";
;"F";"409";"BIBBIENA";"AR";"40";"A.C.D.BIBBIENA";
;"F";"55";"BIBBIENA STAZIONE";"AR";"40";"MENCUCCI SRL";
;"F";"466";"PONTE A POPPI";"AR";"40";"AVV.MASSIMO MAZZI";
"DET";"C";"102";"CORTONA";"AR";"14";"PASTIFICIO SENESE SRL";
;"C";"29";"LOC.PORRENA - POPPI";"AR";"14";"AUTOFFICINA CASENTINESE SRL";"16"
;"C";"78";"POPPI";"AR";"14";"SPADI SRL";"16"
;"F";"1";"POPPI";"AR";"40";"LINA GIORGI SNC";
;"F";"119";"POPPI";"AR";"40";"MERCANTE EUGENIO DOMENICO";
;"F";"126";"POPPI";"AR";"40";"SUPERMERCATO FATUCCHI SAS";
;"F";"127";"CORTONA";"AR";"40";"PASTA FRESCA ROSSI SAS";
;"F";"132";"POPPI";"AR";"40";"F.M.AUTOSERVICE SNC";
;"F";"133";"POPPI";"AR";"40";"ETRURIA DIGITALE DI SALVI";
;"F";"146";"POPPI";"AR";"40";"FRANCIONI BRUNO DI FRANCIONI";
;"F";"164";"POPPI";"AR";"40";"AZ.AGRICOLA LE PESCINE S.S. DI";
;"F";"165";"POPPI";"AR";"40";"AZIENDA AGRIC. ORLANDI CLAUDIO";
;"F";"172";"POPPI";"AR";"40";"RIST.ALBERGO LA TORRICELLA DI";
;"F";"174";"POPPI";"AR";"40";"COMUNE DI POPPI";
;"F";"2";"PONTE A POPPI";"AR";"40";"G & G GRAFICHE";
;"F";"227";"POPPI";"AR";"40";"PICCOLO RISTORO DI CERTINI";
;"F";"24";"POPPI";"AR";"40";"PANE DOTT.FRANCESCO NOTAIO";
;"F";"242";"PORRENA-POPPI";"AR";"40";"ACCIAI RINALDO SNC";
;"F";"249";"POPPI";"AR";"40";"RISTORANTE CASENTINO DA BENITO";
;"F";"25";"CORTONA";"AR";"40";"PASTA FRESCA ROSSI SRL";
;"F";"311";"POPPI";"AR";"40";"CHARLIE SRLS";
;"F";"324";"CORTONA";"AR";"40";"PASTIFICIO SENESE SRL";
;"F";"349";"POPPI";"AR";"40";"LEVANTE DI VITELLOZZI D.&C SAS";
;"F";"353";"POPPI";"AR";"40";"ZEUS IMPIANTI SRL";
;"F";"370";"POPPI";"AR";"40";"ATLANTIC OIL-ALEX SNC DI";
;"F";"373";"POPPI";"AR";"40";"CASENTINO PROMOTION DI";
;"F";"430";"POPPI";"AR";"40";"IDRAULICA BONINI SRL";
;"F";"444";"POPPI";"AR";"40";"L ANGOLO DELLA CASA DI";
;"F";"462";"POPPI";"AR";"40";"GELATI SRL";
;"F";"50";"POPPI";"AR";"40";"UNIONE DEI COMUNI MONTANI DEL";
;"F";"521";"POPPI";"AR";"40";"FINSYSTEM 2.0 SRL";
;"F";"525";"POPPI";"AR";"40";"AREA X ELETTRONICA SNC";
;"F";"526";"POPPI";"AR";"40";"OFFICINA VAGNOLI ENRICO SNC";
;"F";"53";"POPPI";"AR";"40";"IDRAULICA BONINI GIANCARLO DI";
;"F";"531";"POPPI";"AR";"40";"IL BISTROT SNC";
;"F";"54";"PONTE A POPPI - POPPI";"AR";"40";"FARMACIA VELTRONI DR.DANI";
;"F";"540";"POPPI";"AR";"40";"SIRBU DANIEL";
;"F";"583";"POPPI";"AR";"40";"SPADI SRL";
;"F";"60";"POPPI";"AR";"40";"MUNICCHI GIANFRANCO";
;"F";"623";"POPPI";"AR";"40";"ROSSOBIRRA DI ACCIAI MARCELLA";
;"F";"71";"POPPI";"AR";"40";"ROSSI GOMME SNC DI ROSSI";
;"F";"79";"CORTONA";"AR";"40";"ROSSI LUCIA";
;"F";"80";"CORTONA";"AR";"40";"ROSSI FABRIZIO";
;"F";"82";"PONTE A POPPI";"AR";"40";"IMPREDA EDILE MATINI ADAMO";
;"F";"86";"POPPI";"AR";"40";"MAGGI MARIANO SERVIZI ECOLOG.";
;"F";"88";"POPPI";"AR";"40";"AZIENDA AGRICOLA SAN MARCO";
"DET";"C";"147";"POPPI";"AR";"14";"RIST.CASENTINO DA BENITO DI";"16"
"DET";"C";"28";"POPPI";"AR";"14";"MAGGI MARIANO SRL";"16"
"DOO";"C";"100";"POPPI";"AR";"14";"SUPERMERCATO FATUCCHI SAS";"16"
"ECO";"C";"29";"POPPI";"AR";"13";"CLIENTE 29";"16"
;"C";"27";"PRATOVECCHIO-STIA";"AR";"14";"MCS SRL";"16"
;"F";"150";"PRATOVECCHIO";"AR";"40";"SANGIOVESE SNC DI";
;"F";"163";"PRATOVECCHIO";"AR";"40";"STUDIO COMM.VEZZOSI DR.SILVIO";
;"F";"312";"PRATOVECCHIO-STIA";"AR";"40";"OSTERIA CARAMBAR DI GORETTI";
;"F";"371";"PRATOVECCHIO";"AR";"40";"A.S.D.FALTERONA ALTO CASENTINO";
;"F";"42";"PRATOVECCHIO";"AR";"40";"IDEA 2000 I.L.";
;"F";"504";"PRATOVECCHIO STIA";"AR";"40";"LEONARDO NORCINI";
"ECO";"C";"5";"PRATOVECCHIO";"AR";"13";"CLIENTE 30";"16"
;"F";"210";"RASSINA";"AR";"40";"RES DI PIANTINI GIACOMO";
;"F";"245";"RASSINA";"AR";"40";"ELETTROCALOR DI FALSETTI";
;"F";"325";"CASTEL FOCOGNANO";"AR";"40";"CRIVAL METALPLAST SRL";
;"F";"549";"CASTEL FOCOGNANO";"AR";"40";"VITOR MONTAGGI SRLS";
"DOO";"C";"125";"RASSINA-CASTEL FOCOGNANO";"AR";"14";"LA FUTURA SRL";"16"
;"F";"46";"STIA";"AR";"40";"RISTORANTE LA RANA DA FILETTO";
;"F";"473";"STIA";"AR";"40";"CARROZZERIA LISI SNC";
;"F";"545";"STIA";"AR";"40";"ARTI GRAFICHE CIANFERONI DI";
;"F";"151";"CASTEL SAN NICCOLO'";"AR";"40";"F.LLI ALOIGI SRL";
;"F";"155";"CASTEL SAN NICCOLO'";"AR";"40";"AZIENDA AGRICOLA CASENTINO SRL";
;"F";"190";"CASTEL SAN NICCOLO'";"AR";"40";"PRATOMAGNO FUNGHI DI ALESSIO";
;"F";"272";"CASTEL SAN NICCOLO'";"AR";"40";"LISI ANTONIO SRL";
;"F";"390";"CASTEL SAN NICCOLO'";"AR";"40";"ANTICO FORNO SRL";
;"F";"391";"CASTEL SAN NICCOLO'";"AR";"40";"ST.TECNICO GEOM.WALTER BENUCCI";
;"F";"517";"CASTEL SAN NICCOLO'";"AR";"40";"DITTA SASSOLI TIZIANO";
;"F";"52";"CASTEL SAN NICCOLO'";"AR";"40";"PICCINOTTI SRL";
;"F";"68";"CASTEL SAN NICCOLO'";"AR";"40";"TECNOIMPIANTI DI VANNINI";
"DET";"C";"146";"CASTEL SAN NICCOLO'";"AR";"14";"AZ.AG.BORGO CAIANO diSTOPPIONI";"16"
"DET";"C";"153";"CASTEL SAN NICCOLO'";"AR";"14";"ANTICO FORNO SRL";"16"
"DET";"C";"51";"CASTEL SAN NICCOLO'";"AR";"14";"F.LLI ALOIGI SRL";"16"
;"F";"554";"MONTEVARCHI";"AR";"40";"HOLDING 20.19 SRL";
;"F";"332";"TERRANUOVA BRACCIOLINI";"AR";"40";"MACELLERIA GIACCHERINI DI";
;"F";"543";"TERRANUOVA BRACCIOLINI";"AR";"40";"BAGLIONI NEDO";
;"F";"93";"AREZZO";"AR";"40";"SINTESI TOSCANA SERVIZI SRL";
;"F";"118";"SANSEPOLCRO";"AR";"40";"GAGLIARDI RUGGERO PAOLO";
;"F";"236";"SANSEPOLCRO";"AR";"40";"KALI' SAS";
"DOO";"C";"117";"SAN SEPOLCRO";"AR";"14";"INIZIATIVE ALIMENTARI SRL";"16"
;"C";"21";"CIVITELLA IN VALDICHIANA";"AR";"14";"I SAPORI DELLA NONNA DI";"16"
;"C";"30";"CIVITELLA IN VALDICHIANA";"AR";"14";"I SAPORI DELLA NONNA SRL";"16"
;"F";"29";"LOC. PIEVE AL TOPPO";"AR";"40";"I SAPORI DELLA NONNA";
;"F";"63";"CIVITELLA DELLA CHIANA";"AR";"40";"ROSSI SRL";
;"F";"66";"CIVITELLA DELLA CHIANA";"AR";"40";"I SAPORI DELLA NONNA SRL";
;"F";"320";"CASTIGLION FIORENTINO";"AR";"40";"EFFETRE SRL";
;"F";"475";"CASTIGLION FIORENTINO";"AR";"40";"M.R.G.IMBALLAGGI DI ROSSI";
;"C";"36";"CORTONA";"AR";"14";"SERVIZI RE SRL";"16"
;"F";"130";"FOIANO DELLA CHIANA";"AR";"40";"CASEIFIC. MATTEASSI ONELIO SRL";
;"C";"66";"MARCIANO DELLA CHIANA";"AR";"14";"CLIENTE 50";"16"
;"F";"378";"MARCIANO DELLA CHIANA";"AR";"40";"CHIMERA FRESH LINE SNC DI";
;"C";"23";"MONTE SAN SAVINO";"AR";"14";"LODOVICHI RICEVIMENTI SRL";"16"
;"F";"109";"MONTE SAN SAVINO";"AR";"40";"PULICOOP SOCIETA' COOPERATIVA";
;"F";"19";"MONTE SAN SAVINO";"AR";"40";"OLEIFICIO TOSCANO MORETTINI";
"DET";"C";"68";"MONTE SAN SAVINO";"AR";"14";"TRATTORIA DEL FORNO DI";"16"
;"C";"18";"AREZZO";"AR";"14";"D.I.P.A. SNC";"16"
;"C";"2";"AREZZO";"AR";"14";"CADLA Spa";"16"
;"C";"3";"AREZZO";"AR";"14";"CADLA S.p.a.";"16"
;"C";"31";"AREZZO";"AR";"14";"S.A.M.A. SRL";"16"
;"C";"63";"AREZZO";"AR";"14";"IMECI SRL";"16"
;"F";"104";"AREZZO";"AR";"40";"DR.MODIANO & ASSOCIATI SPA";
;"F";"121";"AREZZO";"AR";"40";"VERA TOSCANA S.R.L.";
;"F";"186";"AREZZO";"AR";"40";"CLUODITALIA TELECOMUNICAZ.SPA";
;"F";"193";"AREZZO";"AR";"40";"TEL TELEFONIA SNC DI";
;"F";"195";"AREZZO";"AR";"40";"CASATI LAVORAZIONE FERRO";
;"F";"216";"AREZZO";"AR";"40";"TRIS PARTY SERVICES SRL";
;"F";"223";"AREZZO";"AR";"40";"INNOCENTI DINO SRL";
;"F";"255";"AREZZO";"AR";"40";"TEMACO DIVISIONE COSTANTER SPA";
;"F";"264";"AREZZO";"AR";"40";"FRATELLI PRATESI SNC";
;"F";"273";"AREZZO";"AR";"40";"GIUSTINIANI SRL";
;"F";"276";"AREZZO";"AR";"40";"BI-EFFE SERVIZI DI MENCHINI";
;"F";"294";"AREZZO";"AR";"40";"ASSOCIAZIONE INDUSTRIALI DI";
;"F";"30";"AREZZO";"AR";"40";"D.I.P.A. SNC DI";
;"F";"346";"AREZZO";"AR";"40";"CENTRO SERRAMENTI 2000 SNC";
;"F";"358";"AREZZO";"AR";"40";"NATURBOSCO SNC";
;"F";"36";"AREZZO";"AR";"40";"CADLA S.p.a.";
;"F";"372";"AREZZO";"AR";"40";"FLEX LINE SRL";
;"F";"381";"AREZZO";"AR";"40";"IBISCO SRL";
;"F";"39";"AREZZO";"AR";"40";"TUTTOSERVIZI SRL";
;"F";"407";"AREZZO";"AR";"40";"PROGETTO ALIMENTI SRL";
;"F";"418";"AREZZO";"AR";"40";"AGOSTINI B.SRL";
;"F";"43";"AREZZO";"AR";"40";"NUOVE ACQUE SPA";
;"F";"447";"AREZZO";"AR";"40";"AERRE IMBALLAGGI DI PISINI";
;"F";"472";"AREZZO";"AR";"40";"ROCCA TOSCANA FORMAGGI SRL";
;"F";"489";"AREZZO";"AR";"40";"BORGHINI SRL";
;"F";"496";"AREZZO";"AR";"40";"AZIENDA UNITA' SANITARIA";
;"F";"534";"AREZZO";"AR";"40";"FRANCESCO CIRIANNI";
;"F";"571";"AREZZO";"AR";"40";"SANDRO PANZIERI";
;"F";"594";"AREZZO";"AR";"40";"CESIC SRL";
;"F";"602";"AREZZO";"AR";"40";"DOTT.FRANCESCO NARDINI";
;"F";"607";"AREZZO";"AR";"40";"LA TORRE SRL";
;"F";"67";"AREZZO";"AR";"40";"USL 8 AZIENDA UNITA' SANITARIA";
;"F";"76";"AREZZO";"AR";"40";"C.E.V.I. SRL";
;"F";"8";"AREZZO";"AR";"40";"V.A.B. S.r.L";
;"F";"81";"AREZZO";"AR";"40";"BUTALI SPA - EURONICS";
;"F";"89";"AREZZO";"AR";"40";"LABOR CHIMICA SRL";
;"F";"90";"AREZZO";"AR";"40";"PUNTOSICUREZZA SRL";
;"F";"91";"AREZZO";"AR";"40";"TRIS CARTA SAS DI GORI GIANNI";
;"F";"99";"AREZZO";"AR";"40";"ASSOCIAZIONE INDUSTRIALI DELLA";
"DET";"C";"130";"AREZZO";"AR";"14";"MACELLERIA E GASTRON.PESCAIOLA";"16"
"DET";"C";"134";"AREZZO";"AR";"14";"ROBERTO ZANGARI";"16"
"ECO";"C";"14";"AREZZO";"AR";"13";"CLIENTE 31";"16"
;"C";"49";"MONTERIGGIONI";"SI";"14";"TOSCANITA' SRL";"16"
;"F";"134";"MONTERIGGIONI";"SI";"40";"SAPORI DI TOSCANA SPA";
;"F";"463";"MONTERIGGIONI";"SI";"40";"SALCIS SAS DI MORBIDI AeC.";
;"F";"618";"POGGIBONSI";"SI";"40";"FABIO CENCETTI";
"DET";"C";"104";"POGGIBONSI";"SI";"14";"SOC.AGRICOLA SANT'ILARIO SRL";"16"
;"F";"484";"SAN GIMIGNANO";"SI";"40";"SALUMIFICIO VIANI SRL";
;"F";"135";"RAPOLANO TERME";"SI";"40";"BATIGNANI SRL";
;"F";"32";"RADICOFANI";"SI";"40";"SOC.COOPERATIVA VAL D'ORCIA";
"ECO";"C";"36";"MONTEPULCIANO";"SI";"13";"CLIENTE 32";"16"
;"F";"129";"RIGOMAGNO-SINALUNGA";"SI";"40";"MOLINO PARRI SRL";
;"F";"457";"BETTOLLE-SINALUNGA";"SI";"40";"MACINAZIONI VALDICHIANA SRLS";
;"C";"38";"SIENA";"SI";"14";"LE COLOMBAIE BIO SRL";"16"
;"F";"400";"SIENA";"SI";"40";"NUMERO UNICO S.R.L.S";
;"F";"49";"SIENA";"SI";"40";"ESTRA ENERGIE SRL";
;"F";"559";"SIENA";"SI";"40";"I GERANI SWNC";
;"F";"301";"MONTIGNOSO";"MS";"40";"FARUSI MATTEO";
;"F";"137";"MARINA DI MASSA";"MS";"40";"RIST.PIZZ.IPPOPOTAMUS";
;"F";"17";"S.SALVATORE DI MONTECARLO";"LU";"40";"LA FUSTELLA s.r.l.";
;"F";"188";"GRAGNANO-CAPANNORI";"LU";"40";"PCE ITALIA SRL";
;"C";"72";"MARLIA-CAPANNORI";"LU";"14";"EFFECORTA CAPANNORI SAS";"16"
;"F";"4";"PORCARI";"LU";"40";"LATTERIA DEL CARLO s.r.l.";
"ECO";"C";"21";"CHIFENTI";"LU";"13";"CLIENTE 33";"16"
;"F";"278";"LIDO DI CAMAIORE";"LU";"40";"FRIGO SERVICE ITALIA SRL";
;"F";"131";"PIETRASANTA";"LU";"40";"GUSTOFAST SPA";
;"F";"338";"LUCCA";"LU";"40";"BURALLI PAS.DI CARDULLO SERGIO";
;"F";"402";"LUCCA";"LU";"40";"BAR GELATERIA BISCUIT 84 DI";
;"F";"222";"VECCHIANO";"PI";"40";"CREMA LOMBARDI SRL";
;"F";"576";"VECCHIANO";"PI";"40";"RIST.RUSTICHELLO SERENA SNC DI";
"DET";"C";"77";"VECCHIANO";"PI";"14";"CREMA LOMBARDI SNC DI";
;"F";"280";"MONTOPOLI DI VAL D'ARNO";"PI";"40";"ACQUARIA SRL";
;"F";"304";"MONTOPOLI DI VAL D'ARNO";"PI";"40";"ESSENTIAL SRL";
"DIS";"C";"162";"PONTEDERA";"PI";"14";"CIBOSANO ITALIA SRL";"16"
"ECO";"C";"15";"PONTEDERA";"PI";"13";"CLIENTE 34";"16"
;"F";"561";"BIENTINA";"PI";"40";"PAN DI VICO SRL";
;"F";"115";"PERIGNANO";"PI";"40";"EURO IMBALLAGGI SAS";
;"F";"364";"MONTESCUDAIO";"PI";"40";"SALUMIFICIO SANDRI SNC DI";
;"F";"461";"FAUGLIA";"PI";"40";"BUSTI FORMAGGI SRL";
;"F";"307";"SALINE DI VOLTERRA";"PI";"40";"LOCATELLI SALINE DI VOLTERRA";
;"F";"397";"PISA";"PI";"40";"M.P.R. SRL";
;"F";"308";"LIVORNO";"LI";"40";"SCATOLIFICIO SIMONTI SRL";
;"F";"334";"ORBETELLO";"GR";"40";"ROBERTA MORETTI";
;"C";"93";"GROSSETO";"GR";"14";"CONSORZIO TUTELA PECORINO";"16"
;"F";"113";"GROSSETO";"GR";"40";"PUCCI GENNY & C.SNC";
;"F";"120";"GROSSETO";"GR";"40";"RIGEL S.A.S.";
;"F";"211";"GROSSETO";"GR";"40";"PAOLA SVETONI";
;"F";"271";"GROSSETO";"GR";"40";"PHOTOEDIZIONI DI CARLO BONAZZA";
;"F";"287";"GROSSETO";"GR";"40";"FORMATO LIBERO DI";
;"F";"342";"GROSSETO";"GR";"40";"CTP 2000 SRL";
;"F";"347";"GROSSETO";"GR";"40";"BRICO & GARDEN SRL";
;"F";"435";"GROSSETO";"GR";"40";"ICED SPA";
;"F";"65";"GROSSETO";"GR";"40";"FORMATO LIBERO DI SVETONI";
;"F";"83";"GROSSETO";"GR";"40";"CONSORZIO TUTELA PECORINO";
;"F";"548";"MONTEMURLO";"PO";"40";"SARTECH S.R.L.S";
;"F";"577";"MONTEMURLO";"PO";"40";"ZAGHE SRL";
;"F";"256";"PRATO";"PO";"40";"GLOBALTHERM SRL";
;"F";"26";"PRATO";"PO";"40";"GTHERM S.r.l.";
;"F";"337";"PRATO";"PO";"40";"DOTT.AGR.MARCO FILONI";
;"F";"582";"PRATO";"PO";"40";"DLM SRL";
;"F";"586";"PRATO";"PO";"40";"TOMMASO RANDELLI";
"DIS";"C";"107";"DIETIKON-SVIZZERA";"CH";"14";"DIVINA FOOD AG";"28"
;"F";"468";"FANO";"PU";"40";"SACCHI TARTUFI SRL";
;"F";"615";"FANO";"PU";"40";"SACCHI TARTUFI INTERNAZIONALE";
;"F";"258";"PESARO";"PS";"40";"GIGLIO SRL";
;"F";"464";"PESARO";"PU";"40";"REAL ESTATE MANAGEMENT SRL";
"DIS";"C";"144";"ST MAASTRICHT-NETHERLANDS";"NL";"14";"PASSIONE E PURA";"33"
;"F";"175";"MONTEPRANDONE";"AP";"40";"S.L. FREDDO SRL";
;"F";"322";"BAAR -SWITZERLAND";"CH";"40";"MIAG C.V. AMSTERDAM NL";
;"F";"300";"FRANCAVILLA D'ETE";"FM";"40";"SIFA SPA";
;"F";"12";"PETRITOLI";"FM";"40";"MONALDI AURELIO S.r.l.";
;"F";"94";"ROSETO DEGLI ABRUZZI";"TE";"40";"QUARTIGLIA SPA";
;"F";"198";"PESCARA";"PE";"40";"MARCHEGIANI LAURA";
;"F";"367";"CHIASSO";"CH";"40";"CIPPA TRASPORTI SA -CH";
;"F";"285";"PUTIGNANO";"BA";"40";"CASEIFICIO PALAZZO SPA";
;"F";"616";"RUTIGLIANO";"BA";"40";"APULIA DISTRIBUZIONE SRL";
"GDOAP";"C";"143";"RUTIGLIANO";"BA";"14";"APULIA DISTRIBUZIONE SRL";"13"
;"F";"437";"GIOIA DEL COLLE";"BA";"40";"LA BELLA GIOIA SRL";
;"F";"467";"CORATO";"BA";"40";"MAIORA SRL";
"GDODE";"C";"126";"CORATO";"BA";"14";"MAIORA SRL";"3"
;"F";"288";"STORNARELLA";"FG";"40";"FIORDELISI SRL";
"DSCEU";"C";"114";"SAN PIETRO VERNOTICO";"BR";"14";"EUROSPIN PUGLIA SPA";"13"
;"C";"165";"HEILBRONN-DEUTSCHLAND";"DE";"14";"LIDL STIFTUNG & CO KG";
;"C";"16";"PARIS";"FR";"14";"LA GRANDE EPICERIE PARIS";"E"
"DIS";"C";"152";"MARGHERITA DI SAVOIA";"BT";"14";"CHIARAZZO FOOD GROUP DI";"34"
;"F";"159";"GIUGLIANO IN CAMPANIA";;"40";"FONE SRL";
;"C";"35";"CASORIA";;"14";"INGR.AGROALIM.DI ZARRO SIMONE";"4"
;"F";"555";"MARIGLIANO";;"40";"A.LU.MA IMMOBILIARE SRL";
;"F";"70";"POMPEI";;"40";"E.A.F.SRL";
;"F";"440";"CASTELLAMARE DI STABIA";;"40";"TRAVERSO DOTT.GIORGIO";
;"F";"529";"TORRE DEL GRECO";;"40";"AVILIA GROUP SRL";
;"F";"465";"SORRENTO";;"40";"AZIENDA AG.GALANO OSVALDO";
;"F";"147";"NAPOLI";;"40";"IL TULIPANO SRL";
;"F";"395";"NAPOLI";;"40";"MEGAEMME SRL";
;"C";"32";"NAPOLI";;"14";"CAFE' DE PARIS SAS";"4"
"ECO";"C";"42";"NAPOLI";;"14";"CLIENTE 51";"4"
"DIS";"C";"155";"MUNCHEN-GERMANY";"DE";"14";"DI CARLO GROUP di DI CARLO";"24"
;"C";"50";"ORTA DI ATELLA";"CE";"14";"IPERMESS SRL";"4"
;"F";"181";"VITULAZIO";"CE";"40";"BM RETAIL SRL UNIPERSONALE";
;"F";"527";"CASERTA";"CE";"40";"CIACK PROMOTION SRL";
;"F";"449";"AIROLA";"BN";"40";"CONSORZIO EMME";
;"F";"69";"ATRIPALDA";"AV";"40";"TRATTORIA VALLEVERDE DI";
;"C";"106";"BEDER DANMARK";"DK";"14";"SAPORITALIA APS";
;"F";"399";"BEDER -DANMARK";"DK";"40";"SAPORITALIA APS";
;"F";"87";"ANGRI";"SA";"40";"TESTA CARMINE";
"DIS";"C";"56";"SCAFATI";"SA";"14";"A.S.DISTRIBUZIONE DI";"4"
;"F";"524";"PADULA";"SA";"40";"SHOPNOW SRL";
;"F";"158";"BATTIPAGLIA";"SA";"40";"DINER SAS DI ESPOSITO DOMENICO";
;"F";"177";"BATTIPAGLIA";"SA";"40";"BOSCO&CO. DI GERARDO BOSCO SAS";
;"F";"215";"BATTIPAGLIA";"SA";"40";"SABBIADORO GESTIONI SRL";
"DIS";"C";"96";"SALERNO";"SA";"14";"IL CENTRO SRL";"4"
"ECO";"C";"23";"LAVELLO";"PZ";"13";"CLIENTE 35";"2"
;"F";"148";"POTENZA";"PZ";"40";"GDA SPA";
"DOO";"C";"19";"POTENZA";"PZ";"14";"GDA SPA";"2"
;"C";"45";"RENDE";"CS";"14";"CLIENTE 52";"3"
;"F";"228";"COSENZA";"CS";"40";"MEDITERRANEA SRL";
;"F";"230";"COSENZA";"CS";"40";"GIA SRL";
"DIS";"C";"25";"SCHLIEREN -SVIZZERA-CH";"CH";"14";"ALEARDI";"28"
"ECO";"C";"33";"VILLABATE";"PA";"13";"CLIENTE 36";"15"
;"C";"40";"PALERMO";"PA";"14";"C&G DI CATALANO ANDREA SAS";"15"
;"C";"41";"PALERMO";"PA";"14";"INGROSSO FANARA GREGORIO";"15"
;"C";"39";"PALERMO";"PA";"14";"CLIENTE 53";"15"
;"F";"145";"PALERMO";"PA";"40";"FRANCESCO GIALLONGO";
;"F";"306";"MARSALA";"TP";"40";"POLIPACK SRL";
;"F";"302";"VINCENNES FRANCE";"FR";"40";"WISH INTERNATIONAL SARL";
"DIS";"C";"65";"VINCENNES-FRANCE";"FR";"14";"WISH INTERNATIONAL SARL";"21"
"DSCEU";"C";"115";"CATANIA";"CT";"14";"EUROSPIN SICILIA SPA";"15"
"C&CHO";"C";"90";"CORMEILLES EN PARISIS";"FR";"14";"STORIA E SAPORI";"21"
;"C";"85";"HIRTSHALS DK";"DK";"14";"JELEX SEAFOOD A/S";"29"
"C&CHO";"C";"142";"LUXEMBOURG";"LU";"14";"LA FOCACCERIA";"31"
;"C";"101";"9JQ GREATER LONDON";"UK";"14";"AD SOFTWARE LTD";
;"F";"384";"9JQ GREATER LONDON";"UK";"40";"AD SOFTWARE LTD";
