"categ_prodotto";"cod_articolo";"descrizione";"um_carico";"tempo_riordino";"um_scarico"
"D3A1";"109A";"PRODOTTO 1";"NR.";"12";"NR."
"K2";"110";"PRODOTTO 2";"NR.";"4";"NR"
"D3A1";"1102";"PRODOTTO 3";"NR.";"0";"NR."
"D3A1";"1102A";"PRODOTTO 4";"NR.";"0";"NR."
"D3A1";"111";"PRODOTTO 5";"NR.";"4";"NR"
"D3A1";"112";"PRODOTTO 6";"NR.";"4";"NR"
"D3A1";"113";"PRODOTTO 7";"NR.";"4";"NR"
"D3A1";"114";"PRODOTTO 8";"NR.";"4";"NR"
"D3A1";"115";"PRODOTTO 9";"NR.";"4";"NR."
"D3A1";"116";"PRODOTTO 10";"NR.";"4";"NR."
"K2";"117";"PRODOTTO 11";"NR.";"4";"NR."
"K2";"118";"PRODOTTO 12";"NR.";"4";"NR."
"K2";"121";"PRODOTTO 13";"NR.";"4";"NR."
"K2";"123";"PRODOTTO 14";"NR.";"4";"NR."
"K2";"124";"PRODOTTO 15";"NR.";"4";"NR."
"K2";"125";"PRODOTTO 16";"NR.";"4";"NR."
"K2";"126";"PRODOTTO 17";"NR.";"4";"NR."
"K2";"127";"PRODOTTO 18";"NR.";"4";"NR."
"K2";"128";"PRODOTTO 19";"NR.";"4";"NR."
"D3B2";"129";"PRODOTTO 20";"NR.";"4";"NR."
"D3B2";"12A";"PRODOTTO 21";"NR.";"12";"NR."
"D3B2";"130";"PRODOTTO 22";"NR.";"4";"NR."
"D3B2";"131";"PRODOTTO 23";"NR.";"4";"NR."
"D3B2";"138";"PRODOTTO 24";"NR.";"6";"NR."
"D3B2";"139";"PRODOTTO 25";"NR.";"12";"NR."
"D3B2";"139F";"PRODOTTO 26";"NR.";"6";"NR."
"D3B2";"139G";"PRODOTTO 27";"NR.";"16";"NR."
"D3B2";"139P";"PRODOTTO 28";"NR.";"12";"NR."
"D3B2";"13A";"PRODOTTO 29";"NR.";"12";"NR."
"D3B2";"140";"PRODOTTO 30";"NR.";"6";"NR."
"D3B2";"143";"PRODOTTO 31";"NR.";"12";"NR."
"D3B2";"143A";"PRODOTTO 32";;"12";"NR."
"D3B2";"143E";"PRODOTTO 33";"NR.";"16";"NR."
"D3B2";"143F";"PRODOTTO 34";"NR.";"6";"NR."
"D3B2";"143P";"PRODOTTO 35";"NR.";"12";"NR."
"D3B2";"144";"PRODOTTO 36";"NR.";"2";"NR."
"D3B2";"145";"PRODOTTO 37";"NR.";"4";"NR."
"D3B2";"146";"PRODOTTO 38";"NR.";"4";"NR."
"D3B2";"147";"PRODOTTO 39";"NR.";"4";"NR."
"D3B2";"149";"PRODOTTO 40";"NR.";"8";"NR."
"D3B2";"14A";"PRODOTTO 41";"NR.";"12";"NR."
"D3B2";"151";"PRODOTTO 42";;"16";"NR."
"D3B2";"151A";"PRODOTTO 43";"NR.";"12";"NR."
"D3B2";"151F";"PRODOTTO 44";"NR.";"6";"NR."
"D3B2";"151P";"PRODOTTO 45";"NR.";"12";"NR."
"D3B2";"152";"PRODOTTO 46";;"8";"NR."
"D3B2";"154";"PRODOTTO 47";"NR.";"12";"NR."
"D3B2";"156";"PRODOTTO 48";"NR.";"8";"NR."
"D3B2";"157";"PRODOTTO 49";"NR.";"8";"NR."
"D3B2";"158";"PRODOTTO 50";"NR.";"8";"NR."
"D3B2";"15A";"PRODOTTO 51";"NR.";"16";"NR."
"D3B2";"163A";"PRODOTTO 52";"NR.";"8";"NR."
"D3B2";"163P";"PRODOTTO 53";"NR.";"12";"NR."
"D3B2";"165";"PRODOTTO 54";"NR.";"8";"NR."
"D3B2";"17A";"PRODOTTO 55";"NR.";"16";"NR."
"D3B2";"18";"PRODOTTO 56";"NR.";"4";"NR."
"D3B2";"181";"PRODOTTO 57";"NR.";"8";"NR."
"D3B2";"188";"PRODOTTO 58";"NR.";"8";"NR."
"D3B2";"19";"PRODOTTO 59";"NR.";"4";"NR."
"D3B2";"190A";"PRODOTTO 60";"NR.";"12";"NR."
"D3B2";"191";"PRODOTTO 61";"NR.";"8";"NR."
"D3B2";"192";"PRODOTTO 62";"NR.";"8";"NR."
"D3B2";"194A";"PRODOTTO 63";"NR.";"8";"NR."
"D3B2";"195";"PRODOTTO 64";"NR.";"8";"NR."
"D3B2";"195A";"PRODOTTO 65";"NR.";"8";"NR."
"D3B2";"196";"PRODOTTO 66";"NR.";"8";"NR."
"D3B2";"197";"PRODOTTO 67";"NR.";"8";"NR."
"D3B2";"20";"PRODOTTO 68";"NR.";"4";"NR."
"D3B2";"202";"PRODOTTO 69";"NR.";"8";"NR."
"D3B2";"203";"PRODOTTO 70";"NR.";"8";"NR."
"D3B2";"21";"PRODOTTO 71";"NR.";"8";"NR."
"D3B2";"218";"PRODOTTO 72";"NR.";"4";"NR."
"D3B2";"23";"PRODOTTO 73";"NR.";"6";"NR."
"D4B6";"24";"PRODOTTO 74";"NR.";"6";"NR."
"D4B6";"25";"PRODOTTO 75";"NR.";"6";"NR."
"D4B6";"254";"PRODOTTO 76";"NR.";"14";"NR."
"D4B6";"255";"PRODOTTO 77";"NR.";"12";"NR."
"D4B6";"258";"PRODOTTO 78";"NR.";"20";"NR."
"D4B6";"259";"PRODOTTO 79";"NR.";"20";"NR."
"D4B6";"26";"PRODOTTO 80";"NR.";"6";"NR."
"D4B6";"260";"PRODOTTO 81";"NR.";"20";"NR."
"D4B6";"261";"PRODOTTO 82";"NR.";"20";"NR."
"D4B6";"262";"PRODOTTO 83";"NR.";"20";"NR."
"D4B6";"263A";"PRODOTTO 84";"NR.";"12";"NR."
"D4B6";"265";"PRODOTTO 85";"NR.";"20";"NR."
"D4B6";"266";"PRODOTTO 86";"NR.";"8";"NR."
"D4B6";"266E";"PRODOTTO 87";"NR.";"16";"NR."
"D4B6";"267";"PRODOTTO 88";"NR.";"12";"NR."
"D4B6";"267E";"PRODOTTO 89";"NR.";"16";"NR."
"D4B6";"267P";"PRODOTTO 90";"NR.";"8";"NR."
"D4B6";"268";"PRODOTTO 91";"NR.";"12";"NR."
"D4B6";"268E";"PRODOTTO 92";"NR.";"16";"NR."
"D4B6";"269";"PRODOTTO 93";"NR.";"12";"NR."
"D4B6";"269A";"PRODOTTO 94";"NR.";"8";"NR."
"D4B6";"269E";"PRODOTTO 95";"NR.";"16";"NR."
"D4B6";"27";"PRODOTTO 96";"NR.";"6";"NR."
"D4B6";"270";"PRODOTTO 97";"NR.";"12";"NR."
"D4B6";"270A";"PRODOTTO 98";"NR.";"8";"NR."
"D4B6";"270E";"PRODOTTO 99";"NR.";"16";"NR."
"D4B6";"270P";"PRODOTTO 100";"NR.";"8";"NR."
"D4B6";"271";"PRODOTTO 101";"NR.";"12";"NR."
"D4B6";"271A";"PRODOTTO 102";"NR.";"8";"NR."
"D4B6";"271E";"PRODOTTO 103";"NR.";"16";"NR."
"D4B6";"271P";"PRODOTTO 104";"NR.";"8";"NR."
"D4B6";"272";"PRODOTTO 105";"NR.";"12";"NR."
"D4B6";"273";"PRODOTTO 106";"NR.";"8";"NR."
"D4B6";"274";"PRODOTTO 107";"NR";"12";"NR"
"D4B6";"275";"PRODOTTO 108";"NR.";"8";"NR."
"D4B6";"277";"PRODOTTO 109";"NR";"8";"NR."
"D4B6";"278";"PRODOTTO 110";"NR.";"8";"NR."
"D4B6";"279";"PRODOTTO 111";"NR.";"12";"NR."
"D4B6";"279A";"PRODOTTO 112";"NR.";"8";"NR."
"D4B6";"279E";"PRODOTTO 113";"NR.";"16";"NR."
"D4B6";"28";"PRODOTTO 114";"NR.";"6";"NR."
"D4B6";"280";"PRODOTTO 115";"NR.";"4";"NR."
"D4B6";"281";"PRODOTTO 116";"NR";"8";"NR."
"D4B6";"282";"PRODOTTO 117";"NR.";"8";"NR."
"D4B6";"283A";"PRODOTTO 118";"NR.";"8";"NR."
"D4B6";"283E";"PRODOTTO 119";"NR.";"16";"NR."
"D4B6";"285";"PRODOTTO 120";"NR.";"8";"NR."
"D4B6";"286";"PRODOTTO 121";"NR.";"8";"NR."
"D4B6";"29";"PRODOTTO 122";"NR.";"6";"NR."
"D4B6";"30";"PRODOTTO 123";"NR.";"12";"NR."
"D4B6";"303";"PRODOTTO 124";"NR.";"8";"NR."
"D4B6";"304";"PRODOTTO 125";"NR.";"8";"NR."
"D4B6";"305";"PRODOTTO 126";"NR.";"8";"NR."
"D4B6";"307";"PRODOTTO 127";"NR.";"8";"NR."
"D4B6";"309";"PRODOTTO 128";"NR.";"8";"NR."
"D4B6";"30A";"PRODOTTO 129";"NR.";"0";"NR."
"D4B6";"30C";"PRODOTTO 130";"NR.";"8";"NR."
"D4B6";"30E";"PRODOTTO 131";"NR.";"16";"NR."
"D4B6";"30F";"PRODOTTO 132";"NR.";"6";"NR."
"D4B6";"31";"PRODOTTO 133";"NR.";"8";"NR."
"D4B6";"31E";"PRODOTTO 134";"NR.";"16";"NR."
"D4B6";"31F";"PRODOTTO 135";"NR.";"6";"NR."
"D4B6";"32";"PRODOTTO 136";"NR.";"12";"NR."
"D4B6";"32E";"PRODOTTO 137";"NR.";"16";"NR."
"D4B6";"32F";"PRODOTTO 138";"NR.";"6";"NR."
"D4B6";"32P";"PRODOTTO 139";"NR.";"12";"NR."
"D4B6";"35";"PRODOTTO 140";"NR.";"8";"NR."
"D4B6";"352";"PRODOTTO 141";"NR.";"12";"NR."
"D4B6";"353";"PRODOTTO 142";"NR.";"12";"NR."
"D4B6";"354";"PRODOTTO 143";"NR.";"12";"NR."
"D4B6";"355";"PRODOTTO 144";"NR.";"8";"NR."
"D4B6";"356";"PRODOTTO 145";"NR.";"8";"NR."
"D4B6";"357";"PRODOTTO 146";"NR.";"8";"NR."
"D4B6";"358";"PRODOTTO 147";"NR.";"8";"NR."
"D4B6";"35E";"PRODOTTO 148";"NR.";"16";"NR."
"D4B6";"36A";"PRODOTTO 149";"NR.";"8";"NR."
"D4B6";"36E";"PRODOTTO 150";"NR.";"16";"NR."
"D4B6";"36F";"PRODOTTO 151";"NR.";"6";"NR."
"D4B6";"37";"PRODOTTO 152";;"8";"NR."
"D4B6";"37A";"PRODOTTO 153";"NR.";"16";"NR."
"D4B6";"37B";"PRODOTTO 154";;"12";"NR."
"D4B6";"38";"PRODOTTO 155";"NR.";"12";"NR"
"D4B6";"39";"PRODOTTO 156";;"8";"NR"
"D4B6";"39A";"PRODOTTO 157";;"12";"NR."
"D4B6";"39C";"PRODOTTO 158";"NR.";"8";"NR."
"D4B6";"39E";"PRODOTTO 159";"NR.";"16";"NR."
"D4B6";"39U";"PRODOTTO 160";"NR.";"16";"NR."
"D4B6";"40";"PRODOTTO 161";"NR.";"8";"NR."
"D4B6";"400A";"PRODOTTO 162";"NR.";"12";"NR."
"D4B6";"40E";"PRODOTTO 163";"NR.";"16";"NR."
"D4B6";"41";"PRODOTTO 164";"NR.";"12";"NR"
"D4B6";"41A";"PRODOTTO 165";"NR.";"8";"NR."
"D4B6";"41E";"PRODOTTO 166";"NR.";"16";"NR."
"D4B6";"41U";"PRODOTTO 167";"NR.";"16";"NR."
"D4B6";"42";"PRODOTTO 168";"NR.";"8";"NR."
"D4B6";"422";"PRODOTTO 169";"NR.";"1";"NR."
"D4B6";"42E";"PRODOTTO 170";"NR.";"16";"NR."
"D4B6";"43";"PRODOTTO 171";"NR.";"8";"NR."
"D4B6";"43A";"PRODOTTO 172";"NR.";"12";"NR."
"D4B6";"43E";"PRODOTTO 173";"NR.";"16";"NR."
"D4B6";"44";"PRODOTTO 174";"NR.";"8";"NR."
"D4B6";"44A";"PRODOTTO 175";"NR.";"12";"NR."
"D4B6";"44E";"PRODOTTO 176";"NR.";"16";"NR."
"D4B6";"45";"PRODOTTO 177";;"12";"NR"
"D4B6";"455";"PRODOTTO 178";"NR.";"4";"NR."
"D4B6";"456";"PRODOTTO 179";"NR.";"4";"NR."
"D4B6";"457";"PRODOTTO 180";"NR.";"4";"NR."
"D4B6";"458";"PRODOTTO 181";"NR.";"4";"NR."
"D4B6";"46";"PRODOTTO 182";;"8";"NR."
"D4B6";"46A";"PRODOTTO 183";;"12";"NR."
"D4B6";"46C";"PRODOTTO 184";"NR.";"8";"NR."
"D4B6";"46E";"PRODOTTO 185";"NR.";"16";"NR."
"D4B6";"46U";"PRODOTTO 186";"NR.";"16";"NR."
"D4B6";"47";"PRODOTTO 187";"NR.";"8";"NR."
"D4B6";"47U";"PRODOTTO 188";"NR.";"16";"NR."
"D4B6";"48";"PRODOTTO 189";;"16";"NR"
"D4B6";"48A";"PRODOTTO 190";"NR.";"0";"NR."
"D5A2";"48C";"PRODOTTO 191";"NR.";"8";"NR."
"D5A2";"48E";"PRODOTTO 192";"NR.";"16";"NR."
"D5A2";"48F";"PRODOTTO 193";"NR.";"6";"NR."
"D5A2";"48U";"PRODOTTO 194";"NR.";"16";"NR."
"D5A2";"5000";"PRODOTTO 195";"NR.";"4";"NR."
"D5A2";"5001";"PRODOTTO 196";"NR.";"4";"NR."
"D5A2";"5002";"PRODOTTO 197";"NR.";"4";"NR."
"D5A2";"5003";"PRODOTTO 198";"NR.";"4";"NR."
"D5A2";"5004";"PRODOTTO 199";"NR.";"4";"NR."
"D5A2";"5005";"PRODOTTO 200";"NR.";"4";"NR."
"D5A2";"5006";"PRODOTTO 201";"NR.";"4";"NR."
"D5A2";"5007";"PRODOTTO 202";"NR.";"4";"NR."
"D5A2";"5008";"PRODOTTO 203";"NR.";"4";"NR."
"D5A2";"5009";"PRODOTTO 204";"NR.";"4";"NR."
"D5A2";"5010";"PRODOTTO 205";"NR.";"4";"NR."
"D5A2";"5011";"PRODOTTO 206";"NR.";"4";"NR."
"D5A2";"5012";"PRODOTTO 207";"NR.";"4";"NR."
"D5A2";"5013";"PRODOTTO 208";"NR.";"4";"NR."
"D5A2";"5015";"PRODOTTO 209";"NR.";"4";"NR."
"D5A2";"5016";"PRODOTTO 210";"NR.";"4";"NR."
"D5A2";"5017";"PRODOTTO 211";"NR.";"4";"NR."
"D5A2";"5018";"PRODOTTO 212";"NR.";"4";"NR."
"D5A2";"5019";"PRODOTTO 213";"NR.";"4";"NR."
"D5A2";"5020";"PRODOTTO 214";"NR.";"4";"NR."
"D5A2";"5021";"PRODOTTO 215";"NR.";"4";"NR."
"D5A2";"5022";"PRODOTTO 216";"NR.";"4";"NR."
"D5A2";"5023";"PRODOTTO 217";"NR.";"4";"NR."
"D5A2";"5024";"PRODOTTO 218";"NR.";"4";"NR."
"D5A2";"5025";"PRODOTTO 219";"NR.";"4";"NR."
"D5A2";"503";"PRODOTTO 220";"NR.";"14";"NR."
"D5A2";"506";"PRODOTTO 221";"NR.";"4";"NR."
"D5A2";"507";"PRODOTTO 222";"NR.";"4";"NR."
"D5A2";"508";"PRODOTTO 223";"NR.";"4";"NR."
"D5A2";"509";"PRODOTTO 224";"NR.";"4";"NR."
"D5A2";"50C";"PRODOTTO 225";"NR.";"8";"NR."
"D5A2";"50E";"PRODOTTO 226";"NR.";"16";"NR."
"D5A2";"50U";"PRODOTTO 227";"NR.";"16";"NR."
"D5A2";"511";"PRODOTTO 228";;"4";"NR."
"D5A2";"512";"PRODOTTO 229";"NR.";"4";"NR."
"D5A2";"513";"PRODOTTO 230";;"4";"NR."
"D5A2";"514";"PRODOTTO 231";"NR.";"4";"NR."
"D5A2";"516";"PRODOTTO 232";"NR";"4";"NR"
"D5A2";"517";"PRODOTTO 233";"NR";"4";"NR"
"D5A2";"518";"PRODOTTO 234";"NR.";"4";"NR."
"D5A2";"519";"PRODOTTO 235";"NR.";"4";"NR."
"D5A2";"521";"PRODOTTO 236";"NR.";"8";"NR."
"D5A2";"522";"PRODOTTO 237";"NR.";"8";"NR."
"D5A2";"52C";"PRODOTTO 238";"NR.";"8";"NR."
"D5A2";"52E";"PRODOTTO 239";"NR.";"16";"NR."
"D5A2";"52F";"PRODOTTO 240";"NR.";"6";"NR."
"D5A2";"52U";"PRODOTTO 241";"NR.";"16";"NR."
"D5A2";"530";"PRODOTTO 242";"NR.";"8";"NR."
"D5A2";"531";"PRODOTTO 243";"NR.";"8";"NR."
"D5A2";"532";"PRODOTTO 244";"NR.";"8";"NR."
"D5A2";"533";"PRODOTTO 245";"NR.";"8";"NR."
"D5A2";"534";"PRODOTTO 246";"NR.";"8";"NR."
"D5A2";"535";"PRODOTTO 247";"NR.";"8";"NR."
"D5A2";"536";"PRODOTTO 248";"NR.";"8";"NR."
"D5A2";"53A";"PRODOTTO 249";;"12";"NR."
"D5A2";"53C";"PRODOTTO 250";"NR.";"8";"NR."
"D5A2";"53F";"PRODOTTO 251";"NR.";"6";"NR."
"D4B3";"548";"PRODOTTO 252";"NR.";"8";"NR."
"D4B3";"549";"PRODOTTO 253";"NR.";"8";"NR."
"D4B3";"550";"PRODOTTO 254";"NR.";"8";"NR."
"D4B3";"57A";"PRODOTTO 255";"NR.";"12";"NR."
"D4B3";"57E";"PRODOTTO 256";"NR.";"16";"NR."
"D4B3";"57U";"PRODOTTO 257";"NR.";"16";"NR."
"D4B3";"59";"PRODOTTO 258";"NR.";"8";"NR"
"D4B3";"59A";"PRODOTTO 259";"NR.";"12";"NR."
"D4B3";"59E";"PRODOTTO 260";"NR.";"16";"NR."
"D4B3";"601";"PRODOTTO 261";"NR.";"8";"NR."
"D4B3";"61";"PRODOTTO 262";"NR.";"12";"NR"
"D4B3";"62";"PRODOTTO 263";"NR.";"12";"NR"
"D4B3";"63";"PRODOTTO 264";;"6";"NR"
"D4B3";"64";"PRODOTTO 265";"NR.";"6";"NR"
"D4B3";"65";"PRODOTTO 266";;"12";"NR"
"D4B3";"650";"PRODOTTO 267";"NR.";"8";"NR."
"D4B3";"65A";"PRODOTTO 268";;"12";"NR."
"D4B3";"65C";"PRODOTTO 269";"NR.";"8";"NR."
"D4B3";"65E";"PRODOTTO 270";"NR.";"16";"NR."
"D4B3";"65F";"PRODOTTO 271";"NR.";"16";"NR."
"D4B3";"7000";"PRODOTTO 272";"NR.";"8";"NR."
"D4B3";"7001";"PRODOTTO 273";"NR.";"8";"NR."
"D4B3";"7002";"PRODOTTO 274";"NR.";"8";"NR."
"D4B3";"7003";"PRODOTTO 275";"NR.";"8";"NR."
"D4B3";"7004";"PRODOTTO 276";"NR.";"8";"NR."
"D4B3";"7005";"PRODOTTO 277";"NR.";"8";"NR."
"D4B3";"7006";"PRODOTTO 278";"NR.";"8";"NR."
"D4B3";"7007";"PRODOTTO 279";"NR.";"8";"NR."
"D4B3";"7008";"PRODOTTO 280";"NR.";"8";"NR."
"D4B3";"7009";"PRODOTTO 281";"NR.";"8";"NR."
"D4B3";"7010";"PRODOTTO 282";"NR.";"8";"NR."
"D4B3";"7011";"PRODOTTO 283";"NR.";"8";"NR."
"D4B3";"7016";"PRODOTTO 284";"NR.";"8";"NR."
"D4B3";"7017";"PRODOTTO 285";"NR.";"8";"NR."
"D4B3";"7018";"PRODOTTO 286";"NR.";"0";"NR."
"D4B3";"7019";"PRODOTTO 287";"NR.";"20";"NR."
"D4B3";"703";"PRODOTTO 288";"NR.";"4";"NR."
"D4B3";"704";"PRODOTTO 289";"NR.";"4";"NR."
"D4B3";"705";"PRODOTTO 290";"NR.";"4";"NR."
"D4B3";"706";"PRODOTTO 291";"NR.";"4";"NR."
"D4B3";"707";"PRODOTTO 292";"NR.";"4";"NR."
"D4B3";"708";"PRODOTTO 293";"NR.";"4";"NR."
"D4B3";"709";"PRODOTTO 294";"NR.";"4";"NR."
"D4B3";"710";"PRODOTTO 295";"NR.";"4";"NR."
"D4B3";"711";"PRODOTTO 296";"NR.";"4";"NR."
"D4B3";"73";"PRODOTTO 297";"NR.";"12";"NR."
"D4B3";"74";"PRODOTTO 298";"NR.";"8";"NR."
"D4B3";"75";"PRODOTTO 299";;"16";"NR"
"D4B3";"751";"PRODOTTO 300";"NR.";"8";"NR."
"D4B3";"752";"PRODOTTO 301";"NR.";"8";"NR."
"D4B3";"753";"PRODOTTO 302";"NR.";"8";"NR."
"D4B3";"754";"PRODOTTO 303";"NR.";"8";"NR."
"D4B3";"75A";"PRODOTTO 304";"NR.";"0";"NR."
"D4B3";"75B";"PRODOTTO 305";"NR.";"12";"NR."
"D4B3";"75E";"PRODOTTO 306";"NR.";"16";"NR."
"D4B3";"75F";"PRODOTTO 307";"NR.";"6";"NR."
"D4B3";"75P";"PRODOTTO 308";"NR.";"12";"NR."
"D4B3";"75U";"PRODOTTO 309";"NR.";"16";"NR."
"D4B3";"76";"PRODOTTO 310";;"0";"NR"
"D4B3";"77";"PRODOTTO 311";"NR.";"12";"NR"
"D4B3";"77A";"PRODOTTO 312";"NR.";"8";"NR."
"D4B3";"77E";"PRODOTTO 313";"NR.";"16";"NR."
"D4B3";"78";"PRODOTTO 314";;"4";"NR"
"D4B3";"79";"PRODOTTO 315";;"12";"NR"
"D4B3";"79A";"PRODOTTO 316";"NR.";"8";"NR."
"D4B3";"79E";"PRODOTTO 317";"NR.";"16";"NR."
"D4B3";"80";"PRODOTTO 318";;"8";"NR"
"D4B3";"81A";"PRODOTTO 319";"NR.";"8";"NR."
"D4B3";"82";"PRODOTTO 320";"NR.";"8";"NR."
"D4B3";"83";"PRODOTTO 321";;"4";"NR."
"D4B3";"84";"PRODOTTO 322";"NR.";"8";"NR."
"D4B3";"84C";"PRODOTTO 323";"NR.";"8";"NR."
"D4B3";"84E";"PRODOTTO 324";"NR.";"16";"NR."
"D4B3";"85";"PRODOTTO 325";"NR.";"8";"NR."
"D4B3";"85A";"PRODOTTO 326";"NR.";"12";"NR."
"D4B3";"85E";"PRODOTTO 327";"NR.";"16";"NR."
"D4B3";"9004";"PRODOTTO 328";"NR.";"12";"NR."
"D4B3";"9005";"PRODOTTO 329";"NR.";"12";"NR."
"D4B3";"9006";"PRODOTTO 330";"NR.";"12";"NR."
"D4B3";"9007";"PRODOTTO 331";"NR.";"12";"NR."
"D4B3";"9010";"PRODOTTO 332";"NR.";"8";"NR."
"D4B3";"9011";"PRODOTTO 333";"NR.";"8";"NR."
"D4B3";"9012";"PRODOTTO 334";"NR.";"8";"NR."
"D4B3";"9016";"PRODOTTO 335";"NR.";"12";"NR."
"D4B3";"9017";"PRODOTTO 336";"NR.";"12";"NR."
"D4B3";"9018";"PRODOTTO 337";"NR.";"12";"NR."
"D4B3";"96A";"PRODOTTO 338";"NR.";"16";"NR."
"D4B3";"97A";"PRODOTTO 339";"NR.";"16";"NR."
"D4B3";"98A";"PRODOTTO 340";"NR.";"16";"NR."
"C1B1";"104B";"PRODOTTO 341";"NR.";"8";"NR."
"C1B1";"105";"PRODOTTO 342";;"12";"NR"
"C1B1";"107";"PRODOTTO 343";;"12";"NR"
"C1B1";"108A";"PRODOTTO 344";"NR.";"12";"NR."
"C1B1";"108B";"PRODOTTO 345";"NR.";"12";"NR."
"C1B1";"108E";"PRODOTTO 346";"NR.";"16";"NR."
"C1B1";"109B";"PRODOTTO 347";"NR.";"8";"NR."
"C1B1";"1100";"PRODOTTO 348";"NR.";"0";"NR."
"C1B1";"1101";"PRODOTTO 349";"NR.";"0";"NR."
"C1B1";"135";"PRODOTTO 350";"NR.";"4";"NR."
"C1B1";"136";"PRODOTTO 351";"NR.";"4";"NR."
"C1B1";"153";"PRODOTTO 352";;"16";"NR."
"C1B1";"180";"PRODOTTO 353";"NR.";"8";"NR."
"C1B1";"190";"PRODOTTO 354";;"8";"NR."
"C1B1";"198";"PRODOTTO 355";;"8";"NR."
"C1B1";"199";"PRODOTTO 356";"NR.";"8";"NR."
"C1B1";"212";"PRODOTTO 357";"NR.";"4";"NR."
"C1B1";"264";"PRODOTTO 358";"NR.";"8";"NR."
"C1B1";"359";"PRODOTTO 359";"NR.";"8";"NR."
"C1B1";"360";"PRODOTTO 360";"NR.";"8";"NR."
"C1B1";"5014";"PRODOTTO 361";"NR.";"16";"NR."
"C1B1";"515";"PRODOTTO 362";"NR.";"4";"NR."
"C1B1";"520";"PRODOTTO 363";;"12";"NR."
"C1B1";"542";"PRODOTTO 364";"NR.";"8";"NR."
"C1B1";"543";"PRODOTTO 365";"NR.";"8";"NR."
"C1B1";"544";"PRODOTTO 366";"NR.";"8";"NR."
"C1B1";"554";"PRODOTTO 367";"NR.";"8";"NR."
"C1B1";"60";"PRODOTTO 368";"NR.";"12";"NR."
"C1B1";"68";"PRODOTTO 369";"NR.";"12";"NR."
"C1B1";"7012";"PRODOTTO 370";"NR.";"8";"NR."
"C1B1";"7013";"PRODOTTO 371";"NR.";"8";"NR."
"C1B1";"7014";"PRODOTTO 372";"NR.";"8";"NR."
"C1B1";"7015";"PRODOTTO 373";"NR.";"8";"NR."
"C1B1";"90";"PRODOTTO 374";"NR.";"8";"NR."
"C1B1";"9001";"PRODOTTO 375";"NR.";"12";"NR."
"C1A1";"9002";"PRODOTTO 376";"NR.";"12";"NR."
"C1A1";"9003";"PRODOTTO 377";"NR.";"12";"NR."
"C1A1";"91";"PRODOTTO 378";"NR.";"8";"NR."
"C1A1";"91A";"PRODOTTO 379";"NR.";"12";"NR."
"C1A1";"91E";"PRODOTTO 380";"NR.";"16";"NR."
"C1A1";"92";"PRODOTTO 381";"NR.";"8";"NR."
"C1A1";"92A";"PRODOTTO 382";"NR.";"12";"NR."
"C1A1";"92E";"PRODOTTO 383";"NR.";"16";"NR."
"C1A1";"93";"PRODOTTO 384";;"0";"NR"
"C1A1";"94";"PRODOTTO 385";;"0";"NR"
"C1A1";"95";"PRODOTTO 386";;"0";"NR"
"C1A1";"96";"PRODOTTO 387";;"8";"NR"
"C1A1";"96B";"PRODOTTO 388";"NR.";"12";"NR."
"C1A1";"97B";"PRODOTTO 389";"NR.";"12";"NR."
"C1A1";"99";"PRODOTTO 390";;"8";"NR"
"C1A1";"99A";"PRODOTTO 391";"NR.";"16";"NR."
"C1A1";"99B";"PRODOTTO 392";"NR.";"12";"NR."
"K3";"161";"PRODOTTO 393";"NR.";"15";"NR."
"K2";"4000";"PRODOTTO 394";"KG.";"4";"KG."
"K2";"4001";"PRODOTTO 395";"KG.";"4";"KG."
"K2";"4002";"PRODOTTO 396";"KG.";"4";"KG."
"K2";"4004";"PRODOTTO 397";"KG.";"0";"KG."
"K2";"4005";"PRODOTTO 398";"NR.";"4";"NR."
"K1";"2000";"PRODOTTO 399";"NR.";"8";"NR."
"K1";"2001";"PRODOTTO 400";"NR.";"8";"NR."
"K1";"2002";"PRODOTTO 401";"NR.";"8";"NR."
"K1";"2003";"PRODOTTO 402";"NR.";"8";"NR."
"K1";"2004";"PRODOTTO 403";"NR.";"8";"NR."
"K1";"2005";"PRODOTTO 404";"NR.";"8";"NR."
"K1";"2006";"PRODOTTO 405";"NR.";"8";"NR."
"K1";"2007";"PRODOTTO 406";"NR.";"8";"NR."
"K1";"2008";"PRODOTTO 407";"NR.";"8";"NR."
"K1";"2009";"PRODOTTO 408";;"8";"NR."
"K1";"2011";"PRODOTTO 409";"KG.";"4";"KG."
"D5A4";"185";"PRODOTTO 410";"NR.";"8";"NR."
"D5A3";"207";"PRODOTTO 411";"NR.";"4";"NR."
"D5A2";"163";"PRODOTTO 412";"NR";"8";"NR"
"D5A1";"189";"PRODOTTO 413";"NR.";"8";"NR."
"D5A1";"189A";"PRODOTTO 414";"NR.";"8";"NR."
"D5A1";"406";"PRODOTTO 415";"NR.";"8";"NR."
"D5A1";"426";"PRODOTTO 416";"NR.";"1";"NR."
"D4B9";"803";"PRODOTTO 417";"NR.";"14";"NR."
"D4B8";"159";"PRODOTTO 418";"NR.";"8";"NR."
"D4B8";"9123";"PRODOTTO 419";"NR.";"8";"NR."
"D4B7";"122";"PRODOTTO 420";"NR.";"4";"NR."
"D4B7";"141";"PRODOTTO 421";"NR.";"4";"NR."
"D4B7";"167";"PRODOTTO 422";"NR.";"8";"NR."
"D4B7";"167A";"PRODOTTO 423";"NR.";"8";"NR."
"D4B7";"182";"PRODOTTO 424";"NR.";"8";"NR."
"D4B7";"409";"PRODOTTO 425";"NR.";"8";"NR."
"D4B7";"429";"PRODOTTO 426";"NR.";"1";"NR."
"D4B7";"52A";"PRODOTTO 427";;"12";"NR."
"D4B7";"540";"PRODOTTO 428";"NR.";"8";"NR."
"D4B7";"9008";"PRODOTTO 429";"NR.";"8";"NR."
"D4B7";"9121";"PRODOTTO 430";"NR.";"8";"NR."
"D4B6";"08A";"PRODOTTO 431";"NR.";"8";"NR."
"D4B6";"09";"PRODOTTO 432";"NR.";"8";"NR."
"D4B6";"143C";"PRODOTTO 433";"NR.";"8";"NR."
"D4B6";"174";"PRODOTTO 434";"NR.";"8";"NR."
"D4B6";"193";"PRODOTTO 435";"NR.";"8";"NR."
"D4B6";"306";"PRODOTTO 436";"NR.";"8";"NR."
"D4B6";"50";"PRODOTTO 437";"NR.";"6";"NR"
"D4B6";"501";"PRODOTTO 438";"NR.";"14";"NR."
"D4B6";"54";"PRODOTTO 439";"NR.";"6";"NR."
"D4B6";"547";"PRODOTTO 440";"NR.";"8";"NR."
"D4B6";"57";"PRODOTTO 441";;"6";"NR"
"D4B6";"801";"PRODOTTO 442";"NR.";"14";"NR."
"D4B6";"9009";"PRODOTTO 443";"NR.";"8";"NR."
"D4B6";"901";"PRODOTTO 444";"NR.";"8";"NR."
"D4B6";"9019";"PRODOTTO 445";"NR.";"8";"NR."
"D4B6";"906";"PRODOTTO 446";"NR.";"8";"NR."
"D4B6";"9107";"PRODOTTO 447";"NR.";"8";"NR."
"D4B6";"9124";"PRODOTTO 448";"NR.";"8";"NR."
"D4B5";"166";"PRODOTTO 449";"NR.";"8";"NR."
"D4B5";"205";"PRODOTTO 450";"NR.";"4";"NR."
"D4B5";"253";"PRODOTTO 451";"NR.";"14";"NR."
"D4B5";"56";"PRODOTTO 452";"NR";"6";"NR"
"D4B4";"204";"PRODOTTO 453";"NR.";"8";"NR."
"D4B4";"206";"PRODOTTO 454";"NR.";"8";"NR."
"D4B4";"256";"PRODOTTO 455";"NR.";"14";"NR."
"D4B4";"9122";"PRODOTTO 456";"NR.";"8";"NR."
"D4B3";"9120";"PRODOTTO 457";"NR.";"8";"NR."
"D4B2";"186";"PRODOTTO 458";"NR.";"8";"NR."
"D4B2";"257";"PRODOTTO 459";"NR.";"14";"NR."
"D4B2";"404";"PRODOTTO 460";"NR.";"8";"NR."
"D4B2";"424";"PRODOTTO 461";"NR.";"1";"NR."
"D4B1";"120";"PRODOTTO 462";"NR.";"4";"NR."
"D4B1";"148";"PRODOTTO 463";"NR.";"4";"NR."
"D4B1";"168";"PRODOTTO 464";"NR.";"8";"NR."
"D4B1";"168A";"PRODOTTO 465";"NR.";"8";"NR."
"D4B1";"252";"PRODOTTO 466";"NR.";"14";"NR."
"D4B1";"405";"PRODOTTO 467";"NR.";"8";"NR."
"D4B1";"425";"PRODOTTO 468";"NR.";"1";"NR."
"D4B1";"53";"PRODOTTO 469";"NR";"6";"NR"
"D4B1";"9116";"PRODOTTO 470";"NR.";"8";"NR."
"D4A1";"175";"PRODOTTO 471";"NR.";"8";"NR."
"D4A1";"302";"PRODOTTO 472";"NR.";"8";"NR."
"D4A1";"502";"PRODOTTO 473";"NR.";"14";"NR."
"D4A1";"539";"PRODOTTO 474";"NR.";"8";"NR."
"D4A1";"75C";"PRODOTTO 475";"NR.";"8";"NR."
"D4A1";"902";"PRODOTTO 476";"NR.";"8";"NR."
"D4A1";"907";"PRODOTTO 477";"NR.";"8";"NR."
"D3B5";"162";"PRODOTTO 478";"NR.";"8";"NR."
"D3B4";"804";"PRODOTTO 479";"NR.";"14";"NR."
"D3B3";"119";"PRODOTTO 480";"NR.";"4";"NR."
"D3B3";"169";"PRODOTTO 481";"NR.";"8";"NR."
"D3B3";"169A";"PRODOTTO 482";"NR.";"8";"NR."
"D3B3";"36";"PRODOTTO 483";;"12";"NR."
"D3B3";"402";"PRODOTTO 484";"NR.";"8";"NR."
"D3B3";"505";"PRODOTTO 485";"NR.";"14";"NR."
"D3B3";"538";"PRODOTTO 486";"NR.";"8";"NR."
"D3B3";"701";"PRODOTTO 487";"NR.";"8";"NR."
"D3B3";"805";"PRODOTTO 488";"NR.";"14";"NR."
"D3B3";"9104";"PRODOTTO 489";"NR.";"8";"NR."
"D3B2";"139E";"PRODOTTO 490";"NR.";"8";"NR."
"D3B2";"151B";"PRODOTTO 491";"NR.";"8";"NR."
"D3B2";"164";"PRODOTTO 492";"NR.";"8";"NR."
"D3B2";"172";"PRODOTTO 493";"NR.";"8";"NR."
"D3B2";"178";"PRODOTTO 494";"NR.";"8";"NR."
"D3B2";"178A";"PRODOTTO 495";"NR.";"8";"NR."
"D3B2";"267A";"PRODOTTO 496";"NR.";"8";"NR."
"D3B2";"401";"PRODOTTO 497";"NR.";"8";"NR."
"D3B2";"421";"PRODOTTO 498";"NR.";"1";"NR."
"D3B2";"48B";"PRODOTTO 499";"NR.";"12";"NR."
"D3B2";"50A";"PRODOTTO 500";;"12";"NR."
"D3B1";"187";"PRODOTTO 501";"NR.";"8";"NR."
"D3B1";"423";"PRODOTTO 502";"NR.";"1";"NR."
"D3B1";"9105";"PRODOTTO 503";"NR.";"8";"NR."
"D3B1";"9117";"PRODOTTO 504";"NR.";"8";"NR."
"D3A1";"802";"PRODOTTO 505";"NR.";"14";"NR."
"D2A1";"132";"PRODOTTO 506";"NR.";"4";"NR."
"D2A1";"194";"PRODOTTO 507";"NR.";"8";"NR."
"D2A1";"408";"PRODOTTO 508";"NR.";"8";"NR."
"D2A1";"427";"PRODOTTO 509";"NR.";"1";"NR."
"D2A1";"428";"PRODOTTO 510";"NR.";"1";"NR."
"D2A1";"51";"PRODOTTO 511";"NR";"6";"NR"
"D2A1";"52";"PRODOTTO 512";"NR.";"6";"NR"
"D2A1";"545";"PRODOTTO 513";"NR.";"8";"NR."
"D2A1";"9106";"PRODOTTO 514";"NR.";"8";"NR."
"D2A1";"9118";"PRODOTTO 515";"NR.";"8";"NR."
"D1A2";"350";"PRODOTTO 516";"NR.";"14";"NR."
"D1A2";"49";"PRODOTTO 517";"NR.";"8";"NR."
"D1A2";"909";"PRODOTTO 518";"NR.";"8";"NR."
"D1A1";"142";"PRODOTTO 519";"NR.";"4";"NR."
"D1A1";"1502";"PRODOTTO 520";"NR.";"8";"NR."
"D1A1";"173";"PRODOTTO 521";"NR.";"8";"NR."
"D1A1";"3002";"PRODOTTO 522";"NR.";"8";"NR."
"D1A1";"30B";"PRODOTTO 523";;"12";"NR."
"D1A1";"32A";"PRODOTTO 524";"NR.";"8";"NR."
"D1A1";"400";"PRODOTTO 525";"NR.";"8";"NR."
"D1A1";"420";"PRODOTTO 526";"NR.";"1";"NR."
"D1A1";"504";"PRODOTTO 527";"NR.";"14";"NR."
"D1A1";"537";"PRODOTTO 528";"NR.";"8";"NR."
"D1A1";"546";"PRODOTTO 529";"NR.";"8";"NR."
"D1A1";"700";"PRODOTTO 530";"NR.";"5";"NR."
"D1A1";"900";"PRODOTTO 531";"NR.";"8";"NR."
"D1A1";"905";"PRODOTTO 532";"NR.";"8";"NR."
"D3A1";"700A";"PRODOTTO 533";"NR.";"10";"NR."
"K2";"CSA";"PRODOTTO 534";"NR.";"0";"NR."
"K2";"1000";"PRODOTTO 535";"NR.";"10";"NR."
"K2";"1021";"PRODOTTO 536";"NR.";"10";"NR."
"K2";"1031";"PRODOTTO 537";"NR.";"10";"NR."
"K2";"1032";"PRODOTTO 538";"NR.";"10";"NR."
"K2";"1053";"PRODOTTO 539";"NR.";"10";"NR."
"K2";"1056";"PRODOTTO 540";"NR.";"10";"NR."
"K2";"1057";"PRODOTTO 541";"NR.";"10";"NR."
"K2";"1066";"PRODOTTO 542";"NR.";"10";"NR."
"K2";"1071";"PRODOTTO 543";"NR.";"10";"NR."
"K2";"1081";"PRODOTTO 544";"NR.";"10";"NR."
"K2";"1091";"PRODOTTO 545";"NR.";"10";"NR."
"K2";"1103";"PRODOTTO 546";"NR.";"10";"NR."
"K2";"12";"PRODOTTO 547";;"12";"NR"
"K2";"13";"PRODOTTO 548";;"12";"NR"
"K2";"14";"PRODOTTO 549";;"12";"NR"
"K2";"16";"PRODOTTO 550";;"12";"NR"
"K2";"183";"PRODOTTO 551";"NR.";"10";"NR."
"K2";"184";"PRODOTTO 552";"NR.";"10";"NR."
"K2";"263";"PRODOTTO 553";"NR.";"12";"NR."
"K2";"276";"PRODOTTO 554";"NR.";"8";"NR."
"K2";"290";"PRODOTTO 555";"NR.";"8";"NR."
"K2";"3005";"PRODOTTO 556";"NR.";"10";"NR."
"K2";"33";"PRODOTTO 557";"NR.";"8";"NR."
"K2";"34";"PRODOTTO 558";"NR.";"8";"NR."
"K2";"55";"PRODOTTO 559";;"16";"NR"
"K2";"58";"PRODOTTO 560";"KG.";"12";"NR"
"K2";"66";"PRODOTTO 561";;"16";"NR"
"K2";"67";"PRODOTTO 562";;"12";"NR"
"K2";"69";"PRODOTTO 563";"NR.";"20";"NR."
"K2";"70";"PRODOTTO 564";"NR.";"8";"NR."
"K2";"71";"PRODOTTO 565";"NR.";"10";"NR."
"K2";"71A";"PRODOTTO 566";"NR.";"8";"NR."
"K2";"72";"PRODOTTO 567";"NR.";"8";"NR."
"K2";"81";"PRODOTTO 568";;"6";"NR."
"K2";"86";"PRODOTTO 569";;"8";"NR"
"K2";"NOCIB";"PRODOTTO 570";"NR.";"0";"NR."
"C2B5";"160";"PRODOTTO 571";"NR.";"8";"NR."
"C2B5";"160A";"PRODOTTO 572";"NR.";"8";"NR."
"C2B5";"351";"PRODOTTO 573";"NR.";"8";"NR."
"C2B5";"9100";"PRODOTTO 574";"NR.";"8";"NR."
"C2B4";"200";"PRODOTTO 575";"NR.";"8";"NR."
"C2B4";"450";"PRODOTTO 576";"NR.";"1";"NR."
"C2B3";"106";"PRODOTTO 577";;"12";"NR"
"C2B3";"170";"PRODOTTO 578";"NR.";"8";"NR."
"C2B3";"170A";"PRODOTTO 579";"NR.";"8";"NR."
"C2B3";"300";"PRODOTTO 580";"NR.";"8";"NR."
"C2B3";"411";"PRODOTTO 581";"NR.";"8";"NR."
"C2B3";"451";"PRODOTTO 582";"NR.";"1";"NR."
"C2B3";"452";"PRODOTTO 583";"NR.";"1";"NR."
"C2B3";"453";"PRODOTTO 584";"NR.";"1";"NR."
"C2B3";"454";"PRODOTTO 585";"NR.";"1";"NR."
"C2B3";"9101";"PRODOTTO 586";"NR.";"8";"NR."
"C2B3";"9102";"PRODOTTO 587";"NR.";"8";"NR."
"C2B3";"97";"PRODOTTO 588";;"8";"NR"
"C2B3";"98";"PRODOTTO 589";;"8";"NR"
"C2B2";"134";"PRODOTTO 590";"NR.";"4";"NR."
"C2B2";"179";"PRODOTTO 591";"NR.";"8";"NR."
"C2B2";"9103";"PRODOTTO 592";"NR.";"8";"NR."
"C2B1";"171";"PRODOTTO 593";"NR.";"8";"NR."
"C2B1";"412";"PRODOTTO 594";"NR.";"8";"NR."
"C2A2";"06";"PRODOTTO 595";"NR.";"8";"NR."
"C2A1";"02";"PRODOTTO 596";"NR.";"8";"NR."
"C1B1";"08";"PRODOTTO 597";"NR.";"4";"NR."
"C1B1";"108";"PRODOTTO 598";;"8";"NR."
"C1B1";"109";"PRODOTTO 599";"NR.";"8";"NR."
"C1B1";"133";"PRODOTTO 600";"NR.";"4";"NR."
"C1B1";"1501";"PRODOTTO 601";"NR.";"8";"NR."
"C1B1";"177";"PRODOTTO 602";"NR.";"8";"NR."
"C1B1";"301";"PRODOTTO 603";"NR.";"8";"NR."
"C1B1";"500";"PRODOTTO 604";"NR.";"12";"NR."
"C1B1";"510";"PRODOTTO 605";"NR.";"12";"NR."
"C1B1";"541";"PRODOTTO 606";"NR.";"8";"NR."
"C1B1";"600";"PRODOTTO 607";"NR.";"12";"NR."
"C1B1";"702";"PRODOTTO 608";"NR.";"8";"NR."
"C1B1";"800";"PRODOTTO 609";"NR.";"12";"NR."
"C1B1";"903";"PRODOTTO 610";"NR.";"8";"NR."
"C1B1";"908";"PRODOTTO 611";"NR.";"8";"NR."
"C1A1";"01";"PRODOTTO 612";"NR.";"8";"NR."
"B1B";"9051";"PRODOTTO 613";"NR.";"8";"NR."
"B1A";"201";"PRODOTTO 614";"NR.";"8";"NR."
"B1A";"201A";"PRODOTTO 615";"NR.";"12";"NR."
"B1A";"480";"PRODOTTO 616";"NR.";"1";"NR."
"B1A";"9050";"PRODOTTO 617";"NR.";"8";"NR."
"A1C";"553";"PRODOTTO 618";"NR.";"14";"NR"
"A1B";"137";"PRODOTTO 619";"NR.";"4";"NR."
"A1B";"176";"PRODOTTO 620";"NR.";"8";"NR."
"A1B";"3000";"PRODOTTO 621";"NR.";"8";"NR."
"A1B";"3001";"PRODOTTO 622";"NR.";"4";"NR."
"A1B";"600A";"PRODOTTO 623";"NR.";"14";"NR."
"A1B";"9013";"PRODOTTO 624";"NR.";"8";"NR."
"A1B";"9015";"PRODOTTO 625";"NR.";"8";"NR."
"A1B";"904";"PRODOTTO 626";"NR.";"8";"NR."
"A1A";"551";"PRODOTTO 627";"NR.";"14";"NR."
"A1A";"552";"PRODOTTO 628";"NR.";"14";"NR."
"A1A";"601A";"PRODOTTO 629";"NR.";"14";"NR."
"A1A";"9014";"PRODOTTO 630";"NR.";"8";"NR."
"D5A1";"602";"PRODOTTO 631";"NR.";"14";"NR."
"C2B2";"100";"PRODOTTO 632";"NR.";"8";"NR."
"C2B2";"101";"PRODOTTO 633";"NR.";"8";"NR."
"C2B2";"102";"PRODOTTO 634";"NR.";"8";"NR."
"C2B2";"103";"PRODOTTO 635";"NR.";"8";"NR"
"C2B2";"104";"PRODOTTO 636";"NR.";"8";"NR"
;"4003";"PRODOTTO 637";"KG.";"5";"KG."
"C2B2";"53E";"PRODOTTO 638";"NR.";"16";"NR."
"C2B2";"6000";"PRODOTTO 639";"NR.";"0";"NR."
"C2B2";"6001";"PRODOTTO 640";"NR";"0";"NR."
"C2B2";"6002";"PRODOTTO 641";"NR.";"0";"NR."
"C2B2";"6003";"PRODOTTO 642";"NR.";"0";"NR."
"C2B2";"6004";"PRODOTTO 643";"NR.";"0";"NR."
"C2B2";"6005";"PRODOTTO 644";"NR.";"0";"NR."
"C2B2";"6006";"PRODOTTO 645";"NR.";"0";"NR."
"C2B2";"6007";"PRODOTTO 646";"NR.";"0";"NR."
"K1";"712";"PRODOTTO 647";"NR.";"4";"NR."
;"AC";"ACETO";"LIT";"0";"LIT"
;"ACQ";"ACQUA";"LIT";"0";"LIT"
;"AGLIO";"AGLIO SURGELATO";"KG.";"0";"KG."
;"ALB";"ALBUME";"KG.";"0";"KG."
;"AMAR";"AMARETTI";"KG.";"0";"KG."
;"ARLIM";"AROMA LIMONE NATURALE";"KG.";"0";"KG."
;"ARTAR";"AROMA TARTUFO BIANCO";"KG.";"0";"KG."
;"ASP";"ASPARAGI";"KG.";"0";"KG."
;"AZOTO";"AZOTO LIQUIDO";"KG.";"0";"KG."
;"BAS";"BASILICO";"KG.";"0";"KG."
;"BIET";"BIETOLA COTTA";"KG";"0";"KG"
;"BORS";"BORSA GADGET";"NR.";"0";"NR."
;"BRIS";"BRISURA DI TARTUFO";"KG";"0";"KG"
;"BUR";"BURRO";"KG.";"0";"KG."
;"BURTA";"BURRATA";"KG.";"0";"KG."
;"CAP";"CAPPESANTE";"KG.";"0";"KG."
;"CAPP";"CAPPONE";"KG.";"0";"KG."
;"CAPRA";"FORMAGGIO DI CAPRA";"KG.";"0";"KG."
;"CAR";"CAROTE";"KG.";"0";"KG."
;"CARC";"CARCIOFO";"KG.";"0";"KG."
;"CARNE";"CARNE BOVINA";"KG.";"0";"KG."
;"CARNEC";"CARNE CHIANINA";"KG.";"0";"KG."
;"CARNEP";"CARNE DI MANZO";"KG";"0";"KG"
;"CART";"CARTONI NEUTRI H17";"NR.";"0";"NR."
;"CARTCAP";"PIANO CORDONATO PASTA";"NR.";"0";"NR."
;"CARTDEG";"CARTONI DELIZIA GRANDI";"NR.";"0";"NR."
;"CARTDEP";"CARTONI DELIZIA PICCOLI";"NR.";"0";"NR."
;"CARTES";"CARTONI ESPOSITORE NEUTRI";"NR.";"0";"NR."
;"CARTEU";"CARTONI PISTOIA";"NR.";"0";"NR."
;"CARTG";"CARTONI GOURMET";"NR.";"0";"NR."
;"CARTGD";"CARTONE DI MARIO DA KG";"NR.";"0";"NR."
;"CARTIS";"CARTONI 395X295X190 IS";;"0";"NR"
;"CARTIS7";"CARTONI IS H7,5";"NR.";"0";"NR."
;"CARTISS";"CARTONI 395X295X120 IS";;"0";"NR"
;"CARTIT";"CARTONI ITA";"NR.";"0";"NR."
;"CARTLD";"CARTONI CARRARA";"NR.";"0";"NR."
;"CARTN";"CARTONE ESPOSITORE NEUTRO";"NR.";"0";"NR."
;"CARTPAS";"CART.PASTA SIENA.405X153X205";"NR.";"0";"NR."
;"CARTPP";"CART.TERRA DI SIENA 405X305X205";"NR.";"0";"NR."
;"CARTRE";"CARTONI REGIONALE";"NR.";"0";"NR."
;"CARTV";"CARTONI NEUTRI H12";"NR.";"0";"NR."
;"CARTVAL";"CART.PASITIFICIO 395X295X140";"NR.";"0";"NR."
;"CECI";"CECI";"KG.";"0";"KG."
;"CIP";"CIPOLLA";"KG.";"0";"KG."
;"CIPZ";"CIPOLLA E ZAFFERANO";"KG.";"0";"KG."
;"CO2";"CO2 ANIDRIDE CARBONICA";"KG.";"0";"KG."
;"COP";"CAPPUCCIO ESPOSITORE";"NR";"0";"NR"
;"COPG";"COPERCHI GOURMET";"NR.";"0";"NR."
;"COPP";"CAPPUCCI PICCOLI";"NR.";"0";"NR."
;"CREMAAS";"CREMA ASPARAGI";"KG.";"0";"KG."
;"CREMAC";"CREMA DI CARCIOFO";"KG.";"0";"KG."
;"CREMAF";"CREMA AI FUNGHI PORCINI";"KG.";"0";"KG."
;"CREMAFO";"CREMA AI FORMAGGI";"KG.";"0";"KG."
;"CREMAG";"CREMA AI GAMBERETTI";"KG.";"0";"KG."
;"CREMAGN";"CREMA GNOCCHI TARTUFO";"KG.";"0";"KG."
;"CREMAR";"CREMA ALLA RUCOLA";"KG";"0";"KG"
;"CREMARA";"CREMA AL RADICCHIO";"KG.";"0";"KG."
;"CREMAS";"CREMA AL SALMONE";"KG.";"0";"KG."
;"CREMASC";"CREMA SCAMPI";"KG.";"0";"KG."
;"CREMAT";"CREAMA AL TARTUFO";"KG.";"0";"KG."
;"CREMATB";"CREMA TARTUFO BIANC.SENESE";"KG.";"0";"KG."
;"CREMATBP";"CREMA TARTUFO E PORCINI";"KG.";"0";"KG."
;"CREMATE";"CREMATARTUFO ESTIVO";"NR.";"0";"NR."
;"CUM";"CUMINO";"KG.";"0";"KG."
;"DATA";"NASTRO DATARIO CONFEZIONATRICE";;"0";"NR."
;"EAT";"ETICHETTE TERRA DI SIENA FRONTE";"NR.";"0";"NR."
;"EATB";"ETICHETTE TERRA DI SIENA RETRO";"NR.";"0";"NR."
;"EATBS";"ET. TERRA DI SIENA R SMALT";;"0";"NR"
;"EATS";"ET.TERRA DI SIENA FRONTE SMALTIM";"NR.";"0";"NR."
;"ENER";"ENERGIA";;"0";"KW"
;"EPA";"ETICHETTE PRODOTTO ARTIGINALE";"NR.";"0";"NR."
;"EPAS";"ET. PRODOTTO ARTIG. SMALT.";;"0";"NR"
;"EST";"ESTENSIBILE";"KG.";"0";"KG."
;"ETART";"ETICHETTE TERRA DI SIENA FR";"NR";"0";"NR"
;"ETARTB";"ET.TERRA DI SIENA BIANCHE";"NR.";"0";"NR."
;"ETARTR";"ETICHETTE TERRA DI SIENA RETR";"NR";"0";"NR"
;"ETASS";"ET.FRONTE SAPORI&DINTORNI";"NR.";"0";"NR."
;"ETASSR";"ET.RETRO SAPORI&DINTORNI";"NR.";"0";"NR."
;"ETB";"ETIC.BIANCHE PER 120X74";"NR";"0";"NR."
;"ETBC";"ETIC.BIANCHE 74X120";"NR.";"0";"NR."
;"ETBP";"ET.BOLLINO PREMIATI";"NR.";"0";"NR."
;"ETC";"ETICHETTE CUORE DI SIENA";"NR.";"0";"NR."
;"ETCF";"ET.TERRE DI SIENA FRONTE";"NR.";"0";"NR."
;"ETCR";"ET.TERRE DI SIENA RETRO";"NR.";"0";"NR."
;"ETCS";"ET. TERRE DI SIENA SMALT";;"0";"NR"
;"ETCTI";"ETIC.CAPPELLETTI T.SENESI";"NR.";"0";"NR."
;"ETDF";"ETICH.DELIZIA FRONTE";"NR.";"0";"NR."
;"ETDGF";"ETICHETTE DI MARIO FRONTE";"NR.";"0";"NR."
;"ETDGR";"ETICHETTE DI MARIO RETRO";"NR.";"0";"NR."
;"ETDL";"ETICHETTE DELIZIE";"NR.";"0";"NR."
;"ETDR";"ETICH.DELIZIE RETRO";"NR.";"0";"NR."
;"ETF";"ETICH.FILIERA GROSSETO FRONTE";"NR.";"0";"NR."
;"ETFIN";"ETICHETTE NORVEGIA";;"0";"NR"
;"ETFR";"ETIC.FILIERA GROSSETO RETRO";"NR.";"0";"NR."
;"ETFRS";"ET.FILIERA GROSSETO SMALT";;"0";"NR"
;"ETFS";"ET.FILIERA GROSSETO FRONTE SMALTIMENTO";"NR.";"0";"NR."
;"ETG";"ETICHETTE GOURMET FRONTE";"NR.";"0";"NR."
;"ETGAF";"ETIC.GRANI SENATORE FRONTE";"NR.";"0";"NR."
;"ETGAR";"ETIC.GRANO SENATORE RETRO";"NR.";"0";"NR."
;"ETGD";"ETICHETTE SIENA";"NR.";"0";"NR."
;"ETGDLF";"ET.SIENA FRONTE";"NR.";"0";"NR."
;"ETGDLR";"ET.SIENA RETRO";"NR.";"0";"NR."
;"ETGNIT";"ETICHETTE GNUDI FRONT";"NR.";"0";"NR."
;"ETGNITR";"ETIC.GNUDI RETRO";"NR.";"0";"NR."
;"ETGR";"ETICHETTE GRANI SENATORE";"NR.";"0";"NR."
;"ETGU";"ETICHETTE GOURMET RETRO";"NR.";"0";"NR."
;"ETH";"ETICHETTE HO.RE.CA";;"0";"NR"
;"ETI";"ETICHETTE IN FRONTE";"NR.";"0";"NR."
;"ETIPF";"ET.PAPPARDELLE FRONTE IS";"NR.";"0";"NR."
;"ETIPR";"ET.PAPPARDELLE RETRO IS";"NR.";"0";"NR."
;"ETIR";"ETICHETTE IN RETRO";"NR.";"0";"NR."
;"ETISF";"ET.SPAGHETTI FRONTE IS";"NR.";"0";"NR."
;"ETISR";"ET.SPAGHETTI RETRO IS";"NR.";"0";"NR."
;"ETITAF";"ET.IS TAGL.TARTUFO FRONTE";"NR.";"0";"NR."
;"ETITAR";"ETICH.IS TAGL.TARTUFO RETR";"NR.";"0";"NR."
;"ETITF";"ET.TAGLIATELLE FRONTE IS";"NR.";"0";"NR."
;"ETITR";"ET.TAGLIATELLE RETRO IS";"NR.";"0";"NR."
;"ETMU";"ETICHETTE ZIA LISA F";"NR.";"0";"NR."
;"ETMUR";"ETICHETTE ZIA LISA RETRO";"NR.";"0";"NR."
;"ETP";"ETICHETTE PASTIFICIO SIENA";"NR.";"0";"NR."
;"ETPE";"ETICHETTE PASTA LIVORNO";"NR.";"0";"NR."
;"ETPP";"ETICHETTE PICI E PAPPARDELLE";"NR.";"0";"NR."
;"ETPR";"ETICHETTE SICURA FRONTE";"NR.";"0";"NR."
;"ETPRR";"ETICHETTE SICURA RETRO";"NR.";"0";"NR."
;"ETPRRS";"ET.SICURA RETRO SMALTIMENTO";"NR.";"0";"NR."
;"ETPRS";"ET.SICURA FRONTE SMALTIMENTO";"NR.";"0";"NR."
;"ETPS";"ET. PASITIFICIO SENESE SMALT";;"0";"NR"
;"ETPT";"ETICHETTE PROD. PISA";;"0";"NR"
;"ETPTI";"ETIC.PICI TERRE DI PISA";"NR";"0";"NR."
;"ETPTR";"ETICHETTE R/PROD. PISA";;"0";"NR"
;"ETPTRS";"ET. PRODOTTO PISA SMALT";;"0";"NR"
;"ETREG";"ETIC.REGIONE PISANA";"NR.";"0";"NR."
;"ETREGR";"ETIC.REGIONE PISANA";"NR.";"0";"NR."
;"ETSMAS";"ET.MASSA SMALTIMENTO";;"0";"NR"
;"ETT";"ETICHETTE TAKE AWAY";"NR";"0";"NR."
;"ETTVF";"ET.FIRENZE FRONTE";"NR.";"0";"NR."
;"ETTVR";"ET.FIRENZE RETRO";"NR.";"0";"NR."
;"ETTVR1";"ETICHETTE FIRENZE RETRO 1000g";"NR.";"0";"NR."
;"ETUSA";"ETICHETTE MESSICO";;"0";"NR"
;"ETV";"ETICHETTE FIRENZE BOLLONE";"NR.";"0";"NR."
;"ETVEN";"ETICHETTE PRATO";"NR.";"0";"NR."
;"ETVR";"ETICHETTE RETRO FIRENZE";"NR.";"0";"NR."
;"ETVRS";"ET. FIRENZE RETRO SMALT";;"0";"NR"
;"ETVS";"ET.FIRENZE FRONTE SMALTIMENT";"NR.";"0";"NR."
;"EVR";"ETICHETTE PRATO RETRO";"NR.";"0";"NR."
;"FAR";"FARINA";"KG.";"0";"KG."
;"FARC";"FARINA DI CASTAGNE";"KG";"0";"KG"
;"FARCE";"FARINA DI CECI";"KG.";"0";"KG."
;"FARL";"FARINA DI LENTICCHIE";"KG.";"0";"KG."
;"FARP";"FARINA DI PISELLI";"KG.";"0";"KG."
;"FARS";"FARINA SENATORE CAPPELLI";"KG.";"0";"KG."
;"FARTS";"FARINA TOSCANA";;"0";"KG"
;"FARV";"FARINA VERNA";"KG.";"0";"KG."
;"FGGN";"FASCETTA GNUDI G/NOCI IS";"NR.";"0";"NR."
;"FGNO";"FASCHETTA GNOCCHI DI PATATE";"NR.";"0";"NR."
;"FGNOT";"FASCETTA GNOCCHI TARTUFO";"NR";"0";"NR"
;"FGRS";"FASCETTA GNUDI R/SPIN.IS";"NR.";"0";"NR."
;"FGRSN";"FASCETTA GNUDI PECORINO";"NR.";"0";"NR."
;"FGT";"FASCETTE GNUDI TARTUFO";"NR.";"0";"NR."
;"FGTN";"FASCETTA GNUDI TARTUFO NEW";"NR.";"0";"NR."
;"FIBRE";"FIBRE VEGETALI QUASAR S2";"KG.";"0";"KG."
;"FILM700";"FILM VASCHETTA IS";"KG";"0";"KG"
;"FILMA";"FILM SOTTO AVANA";"KG";"0";"KG"
;"FILMEU";"FILM PICI PISTOIA";"KG.";"0";"KG."
;"FILMIT";"FILM PICI DI SIENA";"KG.";"0";"KG."
;"FILMN";"FILM SOTTO NERO VASCHETTA";"KG.";"0";"KG."
;"FILMNN";"FILM SOTTO NEUTRO 500my";;"0";"KG."
;"FILMNNR";"FILM SOTTO VASCH.RICICLABILE";"KG.";"0";"KG."
;"FILMPE";"FILM PICI TERRE DI SIENA";"KG";"0";"KG."
;"FILMS";"FILM NEUTRO PER VERTICALE";"KG.";"0";"KG."
;"FILMSA";"FILM SACCHETTO NUOVO VERTICALE";"KG.";"0";"KG."
;"FILMSN";"FILM SOPRA NEUTRO VASCHETTA";"KG.";"0";"KG."
;"FILMSNR";"FILM SOPRA NEUTRO RICICLABILE";"KG.";"0";"KG."
;"FILSAR";"FILM SACCHETTO RICICLABILE";"KG.";"0";"KG."
;"FIN";"FUNGHI FINFERLI";"KG.";"0";"KG."
;"FIOC";"FIOCCO DI PATATE";"KG.";"0";"KG."
;"FM";"FASCETTA GROSSETO IS";"NR.";"0";"NR."
;"FMC";"FASCETTA MEZZ.2 IS";"NR.";"0";"NR."
;"FMS";"FASCETTE MEZZELUNE 1";"NR.";"0";"NR."
;"FORGM";"FORMAGGIO GRAN MUGELLO";"KG.";"0";"KG."
;"FOSSA";"FORMAGGIO DI FOSSA";;"0";"KG."
;"FRASP";"FASCETTA RAVIOLI 10";"NR.";"0";"NR."
;"FRB";"FASCETTE RAVIOLI 11";"NR.";"0";"NR."
;"FRBV";"FASCETTA RAVIOLI 12";"NR.";"0";"NR."
;"FRF";"FASCETTA RAV.ONI 1";"NR.";"0";"NR."
;"FRFG";"FASCETTA RAV.ONI 2 GRANDE";"NR.";"0";"NR."
;"FRFI";"FASCETTA RAVIOLI 1";"NR.";"0";"NR."
;"FRG";"FASCETTA RAVIOLI 2";"NR.";"0";"NR."
;"FRO";"FASCETTE RAVIOLONI 3";"NR.";"0";"NR."
;"FRP";"FASCETTA RAVIOLI 4";"NR.";"0";"NR."
;"FRPA";"FASCETTA RAV.5";"NR.";"0";"NR."
;"FRPT";"FASC.RAV.6";"NR.";"0";"NR."
;"FRRS";"FASCETTA RAV. 7";"NR.";"0";"NR."
;"FRRSG";"FASCETTA RVAIOLI 8";"NR.";"0";"NR."
;"FRT";"FASCETTA RAVIOLI 9";"NR.";"0";"NR."
;"FTF";"FASCETTA TORT.ONI 1";"NR.";"0";"NR."
;"FTO";"FASCETTA TORTELL.2";"NR.";"0";"NR."
;"FTS";"FASCETTA TORT.ONI 3";"NR.";"0";"NR."
;"FUNGHI";"FUNGHI SURGELATI";;"0";"KG."
;"FUNGHIS";"FUNGHI SECCHI";"KG.";"0";"KG."
;"GAMB";"GAMBERI SURGELATI";;"0";"KG."
;"GAMBSA";"GAMBERETTI IN SALAMOIA";"KG.";"0";"KG."
;"GORG";"GORGONZOLA";"KG.";"0";"KG."
;"GORGP";"GORGONZOLA PICCANTE";"KG.";"1";"KG."
;"GRANA";"GRANA PADANO";"KG.";"0";"KG."
;"LIM";"LIMONE";"KG.";"0";"KG."
;"LIMS";"LIMONE SORENTO IGP";"NR.";"0";"NR."
;"MENTA";"MENTA";"KG.";"0";"KG."
;"MER";"MERLUZZO";"KG";"0";"KG"
;"MET";"METANO";;"0";"MC"
;"MIELE";"MIELE";"KG.";"0";"KG."
;"MORT";"MORTADELLA";"KG.";"0";"KG."
;"MORTG";"MORTADELLA IGP";"KG.";"0";"KG."
;"MOST";"MOSTARDA";"KG.";"0";"KG."
;"MOZB";"MOZZARELLA DI BUFALA";"KG.";"0";"KG."
;"MOZZ";"MOZZARELLA";"KG.";"0";"KG."
;"NASTRO";"NASTRO ADESIVO PER CARTONI";"NR.";"0";"NR."
;"NOCE";"NOCE MOSCATA";"KG.";"0";"KG."
;"NOCI";"NOCI SGUSCIATE";"KG.";"0";"KG."
;"NOCIS";"NOCI SBRICIOLATE G.50";"NR.";"0";"NR."
;"OLIO";"OLIO DI OLIVA";"LIT";"0";"LIT"
;"OLIOE";"OLIO EXTRAVERGINE DI OLIVA";"KG.";"0";"KG."
;"OLIOS";"OLIO DI SANSA";"KG.";"0";"LIT"
;"ORT";"ORTICA";"KG";"0";"KG."
;"PANC";"PANCETTA";"KG.";"0";"KG."
;"PANE";"PANE GRATTUGIATO";"KG.";"0";"KG."
;"PARM";"PARMIGIANO REGGIANO";;"0";"KG"
;"PARMA";"PROSCIUTTO PARMA";"KG.";"0";"KG."
;"PATC";"PATATE COTTE LAZIO";"KG.";"0";"KG."
;"PATCG";"PATATE COTTE PER GNOCCHI";"KG.";"0";"KG."
;"PEC";"PECORINO TOSCANO DOP";"KG.";"0";"KG."
;"PEPP";"PEPERONCINO IN POLVERE";"KG.";"0";"KG."
;"PERA";"PERA STABILIZZATA";"KG.";"0";"KG."
;"PIAF";"PIATTI FONDI";"NR.";"0";"NR."
;"PIAP";"PIATTI PIANI";"NR.";"0";"NR."
;"POLLO";"PETTI DI POLLO";"KG.";"0";"KG."
;"POM";"POMODORO IN POLVERE";"KG.";"0";"KG."
;"POMS";"POMODORI SECCHI";"KG.";"0";"KG."
;"PRCIN";"PREPARATO CINGHIALE";"KG.";"0";"KG."
;"PREZZ";"PREZZEMOLO";"KG.";"0";"KG."
;"PRLEP";"PREPARATO LEPRE";"KG.";"0";"KG."
;"PROS";"PROSCIUTTO";"KG.";"0";"KG."
;"PROSD";"PROSCIUTTO TOSCANO DOP";"KG.";"0";"KG."
;"PURP";"PUREA DI PATATE";"KG";"0";"KG"
;"RAV";"RAVIGGIOLO";;"0";"KG"
;"RIC";"RICOTTA";"KG.";"0";"KG."
;"RICB";"RICOTTA DI BUFALA";"KG.";"0";"KG."
;"RICP";"RICOTTA PECORA";"KG.";"0";"KG."
;"RICPA";"RICOTTA DI MUCCA";"KG.";"0";"KG."
;"RISO";"FARINA DI RISO";"KG";"0";"KG."
;"RISOF";"FARINA DI RISO PER SFARINARE";"KG.";"0";"KG."
;"ROS";"ROSMARINO";"KG.";"0";"KG."
;"RUC";"RUCOLA";"KG.";"0";"KG."
;"SAL";"SALSICCIA";"KG.";"0";"KG."
;"SALE";"SALE";"KG.";"0";"KG."
;"SALED";"SALE PER DEPURATORE";;"0";"KG"
;"SALEV";"SALE DI VOLTERRA";"KG.";"0";"KG."
;"SALM";"SALMONE";"KG.";"0";"KG."
;"SCAMPI";"SCAMPI";"KG.";"0";"KG."
;"SCLIM";"SCORZE DI LIMONE";"KG.";"0";"KG."
;"SEM";"SEMOLA DI GRANO DURO";"KG.";"0";"KG."
;"SEMT";"SEMOLA TOSCANA";"KG";"0";"KG"
;"SEPPIA";"NERO DI SEPPIA";"KG.";"0";"KG."
;"SMAS";"ET CARRARA RETRO";;"0";"NR"
;"SPECK";"SPECK";"KG.";"0";"KG."
;"SPINC";"SPINACI COTTI";"KG.";"0";"KG."
;"SPINP";"SPINACI POLVERE";"KG.";"0";"KG"
;"SPINS";"SPINACI SURGELATI";"KG.";"0";"KG."
;"SPINST";"SPINACI TOSCANO SURGELATI";"KG.";"0";"KG."
;"SUCCO";"SUCCO DI LIMONE";"KG.";"0";"KG."
;"UOVO";"MISTO UOVO PASTORIZZATO";"KG.";"0";"KG."
;"UOVOA";"UOVO ALLEVAMENTO A TERRA";"KG.";"0";"KG"
;"UOVOT";"UOVO APERTO TOSCANO";"KG";"0";"KG"
;"VINO";"VINO CHIANTI IGP";"LIT";"0";"LIT"
;"ZAFF";"ZAFFERANO";"KG";"0";"KG"
;"ZUCCA";"ZUCCA";"KG.";"0";"KG."
