"codice";"descrizione";"gruppo";"descrizione_gruppo"
"NCS";"STORNO SCARICHI";"SCM";"SCARICHI MAGAZZINO"
"RES";"RESI FORNITORI";"RSM";"SCARICO RESI MAGAZZ."
"SCA";"SCARICO MAGAZZINO";"SCM";"SCARICHI MAGAZZINO"
"SPR";"Scarico da produz.";"SCM";"SCARICHI MAGAZZINO"
"STD";"SCARICO TRA DEP.";"SCM";"SCARICHI MAGAZZINO"
"ACQ";"Acquisto merce";"CAR";"Acquisto merce"
"ACV";"Acquisto valore";"CAR";"Acquisto merce"
"CPF";"CARICO PR.FINITO";"CAR";"Acquisto merce"
"CPR";"Carico da produzione";"CAR";"Acquisto merce"
"CTD";"CARICO TRA DEP.";"CAR";"Acquisto merce"
"INS";"INVENTARIO SCARICO";"CAR";"Acquisto merce"
"INV";"INVENTARIO";"CAR";"Acquisto merce"
"REC";"RESI CLIENTI";"RCM";"CARICO RESI MAGAZZ."
