"ID_vettore";"desc_vettore";"num_occorrenze";"AnnoTrimestre";"Importo";"costo_unitario"
"11";"STEF ITALIA SPA";"520";"2020Q1";"46.292,26";"89,02"
"51";"CHIMERA FRESH CH SNC";"131";"2020Q1";"996,66";"7,61"
"52";"CASSIGOLI DI CASSIGOLI A.&CSAS";"121";"2020Q1";"4.189,5";"34,62"
"11";"STEF ITALIA SPA";"553";"2020Q2";"38.234,7";"69,14"
"51";"CHIMERA FRESH CH SNC";"105";"2020Q2";"890,82";"8,48"
"52";"CASSIGOLI DI CASSIGOLI A.&CSAS";"15";"2020Q2";"2.245";"149,67"
"11";"STEF ITALIA SPA";"567";"2020Q3";"37.349,76";"65,87"
"51";"CHIMERA FRESH CH SNC";"129";"2020Q3";"1.049,58";"8,14"
"52";"CASSIGOLI DI CASSIGOLI A.&CSAS";"39";"2020Q3";"2.125";"54,49"
"11";"STEF ITALIA SPA";"558";"2020Q4";"43.974,56";"78,81"
"51";"CHIMERA FRESH CH SNC";"118";"2020Q4";"1.049,58";"8,89"
"52";"CASSIGOLI DI CASSIGOLI A.&CSAS";"128";"2020Q4";"3.675";"28,71"
"11";"STEF ITALIA SPA";"536";"2021Q1";"47.237";"88,13"
"51";"CHIMERA FRESH CH SNC";"117";"2021Q1";"1.017";"8,69"
"52";"CASSIGOLI DI CASSIGOLI A.&CSAS";"123";"2021Q1";"4.275";"34,76"
"11";"STEF ITALIA SPA";"533";"2021Q2";"39.015";"73,2"
"51";"CHIMERA FRESH CH SNC";"102";"2021Q2";"909";"8,91"
"52";"CASSIGOLI DI CASSIGOLI A.&CSAS";"121";"2021Q2";"3.725";"30,79"
"11";"STEF ITALIA SPA";"594";"2021Q3";"38.110";"64,16"
"51";"CHIMERA FRESH CH SNC";"118";"2021Q3";"1.071";"9,08"
"52";"CASSIGOLI DI CASSIGOLI A.&CSAS";"111";"2021Q3";"3.750";"33,78"
"11";"STEF ITALIA SPA";"670";"2021Q4";"44.112";"65,84"
"51";"CHIMERA FRESH CH SNC";"113";"2021Q4";"1.071";"9,48"
"52";"CASSIGOLI DI CASSIGOLI A.&CSAS";"161";"2021Q4";"3.750";"23,29"
