"ID";"descrizione";"AnnoTrimestre";"Tipo_di_costo";"Importo"
"14/5";"ESSELUNGA FIRENZE";"2020Q1";"% variabile MARCHIO";"10.404,17"
"14/1";"UNICOOP FIRENZE S.C.R.L.   ";"2020Q1";"% variabile MARCHIO";"1.594,7"
"14/127";"GS SPA (IPERMERCATI)";"2020Q1";"% variabile MARCHIO";"1.139,33"
"14/128";"GS SPA (DIPERDI')";"2020Q1";"% variabile MARCHIO";"55,72"
"14/4";"COOP CENTRO ITALIA SOCIETA' COOPERATIVA  ";"2020Q1";"% variabile MARCHIO";"394,24"
"14/80";"ASPIAG SERVICES SRL            ";"2020Q1";"% variabile MARCHIO";"10.080,56"
"14/126";"MAIORA SRL   ";"2020Q1";"% variabile MARCHIO";"1.793,13"
"14/5";"ESSELUNGA FIRENZE";"2021Q1";"% variabile MARCHIO";"10.404,17"
"14/1";"UNICOOP FIRENZE S.C.R.L.   ";"2021Q1";"% variabile MARCHIO";"1.594,7"
"14/127";"GS SPA (IPERMERCATI)";"2021Q1";"% variabile MARCHIO";"1.139,33"
"14/128";"GS SPA (DIPERDI')";"2021Q1";"% variabile MARCHIO";"55,72"
"14/4";"COOP CENTRO ITALIA SOCIETA' COOPERATIVA  ";"2021Q1";"% variabile MARCHIO";"394,24"
"14/80";"ASPIAG SERVICES SRL            ";"2021Q1";"% variabile MARCHIO";"10.080,56"
"14/126";"MAIORA SRL   ";"2021Q1";"% variabile MARCHIO";"1.793,13"
"14/5";"ESSELUNGA FIRENZE";"2020Q2";"% variabile MARCHIO";"8.854,5"
"14/1";"UNICOOP FIRENZE S.C.R.L.   ";"2020Q2";"% variabile MARCHIO";"1.071,54"
"14/127";"GS SPA (IPERMERCATI)";"2020Q2";"% variabile MARCHIO";"1.065,95"
"14/128";"GS SPA (DIPERDI')";"2020Q2";"% variabile MARCHIO";"48,91"
"14/4";"COOP CENTRO ITALIA SOCIETA' COOPERATIVA  ";"2020Q2";"% variabile MARCHIO";"365,73"
"14/80";"ASPIAG SERVICES SRL            ";"2020Q2";"% variabile MARCHIO";"8.710,74"
"14/126";"MAIORA SRL   ";"2020Q2";"% variabile MARCHIO";"1.055,16"
"14/5";"ESSELUNGA FIRENZE";"2021Q2";"% variabile MARCHIO";"8.854,5"
"14/1";"UNICOOP FIRENZE S.C.R.L.   ";"2021Q2";"% variabile MARCHIO";"1.071,54"
"14/127";"GS SPA (IPERMERCATI)";"2021Q2";"% variabile MARCHIO";"1.065,95"
"14/128";"GS SPA (DIPERDI')";"2021Q2";"% variabile MARCHIO";"48,91"
"14/4";"COOP CENTRO ITALIA SOCIETA' COOPERATIVA  ";"2021Q2";"% variabile MARCHIO";"365,73"
"14/80";"ASPIAG SERVICES SRL            ";"2021Q2";"% variabile MARCHIO";"8.710,74"
"14/126";"MAIORA SRL   ";"2021Q2";"% variabile MARCHIO";"1.055,16"
"14/5";"ESSELUNGA FIRENZE";"2020Q3";"% variabile MARCHIO";"7.822,1"
"14/1";"UNICOOP FIRENZE S.C.R.L.   ";"2020Q3";"% variabile MARCHIO";"2.381,91"
"14/127";"GS SPA (IPERMERCATI)";"2020Q3";"% variabile MARCHIO";"1.232,42"
"14/128";"GS SPA (DIPERDI')";"2020Q3";"% variabile MARCHIO";"549,69"
"14/4";"COOP CENTRO ITALIA SOCIETA' COOPERATIVA  ";"2020Q3";"% variabile MARCHIO";"569,25"
"14/80";"ASPIAG SERVICES SRL            ";"2020Q3";"% variabile MARCHIO";"11.452,14"
"14/126";"MAIORA SRL   ";"2020Q3";"% variabile MARCHIO";"1.426,18"
"14/5";"ESSELUNGA FIRENZE";"2021Q3";"% variabile MARCHIO";"7.822,1"
"14/1";"UNICOOP FIRENZE S.C.R.L.   ";"2021Q3";"% variabile MARCHIO";"2.381,91"
"14/127";"GS SPA (IPERMERCATI)";"2021Q3";"% variabile MARCHIO";"1.232,42"
"14/128";"GS SPA (DIPERDI')";"2021Q3";"% variabile MARCHIO";"549,69"
"14/4";"COOP CENTRO ITALIA SOCIETA' COOPERATIVA  ";"2021Q3";"% variabile MARCHIO";"569,25"
"14/80";"ASPIAG SERVICES SRL            ";"2021Q3";"% variabile MARCHIO";"11.452,14"
"14/126";"MAIORA SRL   ";"2021Q3";"% variabile MARCHIO";"1.426,18"
"14/5";"ESSELUNGA FIRENZE";"2020Q4";"% variabile MARCHIO";"7.822,1"
"14/1";"UNICOOP FIRENZE S.C.R.L.   ";"2020Q4";"% variabile MARCHIO";"2.381,91"
"14/127";"GS SPA (IPERMERCATI)";"2020Q4";"% variabile MARCHIO";"1.232,42"
"14/128";"GS SPA (DIPERDI')";"2020Q4";"% variabile MARCHIO";"549,69"
"14/4";"COOP CENTRO ITALIA SOCIETA' COOPERATIVA  ";"2020Q4";"% variabile MARCHIO";"569,25"
"14/80";"ASPIAG SERVICES SRL            ";"2020Q4";"% variabile MARCHIO";"11.452,14"
"14/126";"MAIORA SRL   ";"2020Q4";"% variabile MARCHIO";"1.426,18"
"14/5";"ESSELUNGA FIRENZE";"2021Q4";"% variabile MARCHIO";"7.822,1"
"14/1";"UNICOOP FIRENZE S.C.R.L.   ";"2021Q4";"% variabile MARCHIO";"2.381,91"
"14/127";"GS SPA (IPERMERCATI)";"2021Q4";"% variabile MARCHIO";"1.232,42"
"14/128";"GS SPA (DIPERDI')";"2021Q4";"% variabile MARCHIO";"549,69"
"14/4";"COOP CENTRO ITALIA SOCIETA' COOPERATIVA  ";"2021Q4";"% variabile MARCHIO";"569,25"
"14/80";"ASPIAG SERVICES SRL            ";"2021Q4";"% variabile MARCHIO";"11.452,14"
"14/126";"MAIORA SRL   ";"2021Q4";"% variabile MARCHIO";"1.426,18"
"14/92";"GS SPA (Carrefour Terre Italia)";"2020Q1";"%variabile PL";"887,91"
"14/62";"RIALTO SPA SOCIETA' A SOCIO UNICO     ";"2020Q1";"%variabile PL";"1.152,97"
"14/89";"DI GENNARO FEINKOST-UND WEINHANDELSGESELLSCHAFT MBH";"2020Q1";"%variabile PL";"572,7"
"14/91";"PENNY MARKET SRL CON SOCIO UNICO ";"2020Q1";"%variabile PL";"893,17"
"14/92";"GS SPA (Carrefour Terre Italia)";"2021Q1";"%variabile PL";"887,91"
"14/62";"RIALTO SPA SOCIETA' A SOCIO UNICO     ";"2021Q1";"%variabile PL";"1.152,97"
"14/89";"DI GENNARO FEINKOST-UND WEINHANDELSGESELLSCHAFT MBH";"2021Q1";"%variabile PL";"572,7"
"14/91";"PENNY MARKET SRL CON SOCIO UNICO ";"2021Q1";"%variabile PL";"893,17"
"14/92";"GS SPA (Carrefour Terre Italia)";"2020Q2";"%variabile PL";"587,79"
"14/62";"RIALTO SPA SOCIETA' A SOCIO UNICO     ";"2020Q2";"%variabile PL";"2.622,78"
"14/89";"DI GENNARO FEINKOST-UND WEINHANDELSGESELLSCHAFT MBH";"2020Q2";"%variabile PL";"671,9"
"14/91";"PENNY MARKET SRL CON SOCIO UNICO ";"2020Q2";"%variabile PL";"657,42"
"14/143";"APULIA DISTRIBUZIONE";"2020Q2";"%variabile PL";"294,64"
"14/92";"GS SPA (Carrefour Terre Italia)";"2021Q2";"%variabile PL";"587,79"
"14/62";"RIALTO SPA SOCIETA' A SOCIO UNICO     ";"2021Q2";"%variabile PL";"2.622,78"
"14/89";"DI GENNARO FEINKOST-UND WEINHANDELSGESELLSCHAFT MBH";"2021Q2";"%variabile PL";"671,9"
"14/91";"PENNY MARKET SRL CON SOCIO UNICO ";"2021Q2";"%variabile PL";"657,42"
"14/143";"APULIA DISTRIBUZIONE";"2021Q2";"%variabile PL";"294,64"
"14/92";"GS SPA (Carrefour Terre Italia)";"2020Q3";"%variabile PL";"523,22"
"14/62";"RIALTO SPA SOCIETA' A SOCIO UNICO     ";"2020Q3";"%variabile PL";"707,66"
"14/89";"DI GENNARO FEINKOST-UND WEINHANDELSGESELLSCHAFT MBH";"2020Q3";"%variabile PL";"423,69"
"14/91";"PENNY MARKET SRL CON SOCIO UNICO ";"2020Q3";"%variabile PL";"910,56"
"14/143";"APULIA DISTRIBUZIONE";"2020Q3";"%variabile PL";"0"
"14/92";"GS SPA (Carrefour Terre Italia)";"2021Q3";"%variabile PL";"523,22"
"14/62";"RIALTO SPA SOCIETA' A SOCIO UNICO     ";"2021Q3";"%variabile PL";"707,66"
"14/89";"DI GENNARO FEINKOST-UND WEINHANDELSGESELLSCHAFT MBH";"2021Q3";"%variabile PL";"423,69"
"14/91";"PENNY MARKET SRL CON SOCIO UNICO ";"2021Q3";"%variabile PL";"910,56"
"14/143";"APULIA DISTRIBUZIONE";"2021Q3";"%variabile PL";"0"
"14/92";"GS SPA (Carrefour Terre Italia)";"2020Q4";"%variabile PL";"523,22"
"14/62";"RIALTO SPA SOCIETA' A SOCIO UNICO     ";"2020Q4";"%variabile PL";"707,66"
"14/89";"DI GENNARO FEINKOST-UND WEINHANDELSGESELLSCHAFT MBH";"2020Q4";"%variabile PL";"423,69"
"14/91";"PENNY MARKET SRL CON SOCIO UNICO ";"2020Q4";"%variabile PL";"910,56"
"14/143";"APULIA DISTRIBUZIONE";"2020Q4";"%variabile PL";"0"
"14/92";"GS SPA (Carrefour Terre Italia)";"2021Q4";"%variabile PL";"523,22"
"14/62";"RIALTO SPA SOCIETA' A SOCIO UNICO     ";"2021Q4";"%variabile PL";"707,66"
"14/89";"DI GENNARO FEINKOST-UND WEINHANDELSGESELLSCHAFT MBH";"2021Q4";"%variabile PL";"423,69"
"14/91";"PENNY MARKET SRL CON SOCIO UNICO ";"2021Q4";"%variabile PL";"910,56"
"14/143";"APULIA DISTRIBUZIONE";"2021Q4";"%variabile PL";"0"
"14/92";"GS SPA (Carrefour Terre Italia)";"2020Q1";"PROVV. PROCACC. AFFARI (SU FATTURATO NETTO)";"0"
"14/62";"RIALTO SPA SOCIETA' A SOCIO UNICO     ";"2020Q1";"PROVV. PROCACC. AFFARI (SU FATTURATO NETTO)";"346,24"
"14/121";"IPER MONTEBELLO SPA  ";"2020Q1";"PROVV. PROCACC. AFFARI (SU FATTURATO NETTO)";"661,05"
"14/127";"GS SPA (IPERMERCATI)";"2020Q1";"PROVV. PROCACC. AFFARI (SU FATTURATO NETTO)";"439,51"
"14/128";"GS SPA (DIPERDI')";"2020Q1";"PROVV. PROCACC. AFFARI (SU FATTURATO NETTO)";"100,57"
"14/4";"COOP CENTRO ITALIA SOCIETA' COOPERATIVA  ";"2020Q1";"PROVV. PROCACC. AFFARI (SU FATTURATO NETTO)";"300,91"
"14/129";"STIVAL SA NV";"2020Q1";"PROVV. PROCACC. AFFARI (SU FATTURATO NETTO)";"277,05"
"14/94";"STORICA FATTORIA PALAGIACCIO S.S.A ";"2020Q1";"PROVV. PROCACC. AFFARI (SU FATTURATO NETTO)";"325,72"
"14/118";"FERRAIUOLO FOODS SRLS ";"2020Q1";"PROVV. PROCACC. AFFARI (SU FATTURATO NETTO)";"195,52"
"14/131";"ALDI SRL COD.09717   SOC.CON SOCIO UNICO         ";"2020Q1";"PROVV. PROCACC. AFFARI (SU FATTURATO NETTO)";"961,26"
"14/126";"MAIORA SRL   ";"2020Q1";"PROVV. PROCACC. AFFARI (SU FATTURATO NETTO)";"1.031,05"
"14/117";"INIZIATIVE ALIMENTARI SRL     ";"2020Q1";"PROVV. PROCACC. AFFARI (SU FATTURATO NETTO)";"145,75"
"14/125";"LA FUTURA SRL       ";"2020Q1";"PROVV. PROCACC. AFFARI (SU FATTURATO NETTO)";"27,91"
"14/87";"METRO ITALIA CASH AND CARRY spa";"2020Q1";"PROVV. PROCACC. AFFARI (SU FATTURATO NETTO)";"157,24"
"14/92";"GS SPA (Carrefour Terre Italia)";"2021Q1";"PROVV. PROCACC. AFFARI (SU FATTURATO NETTO)";"0"
"14/62";"RIALTO SPA SOCIETA' A SOCIO UNICO     ";"2021Q1";"PROVV. PROCACC. AFFARI (SU FATTURATO NETTO)";"346,24"
"14/121";"IPER MONTEBELLO SPA  ";"2021Q1";"PROVV. PROCACC. AFFARI (SU FATTURATO NETTO)";"661,05"
"14/127";"GS SPA (IPERMERCATI)";"2021Q1";"PROVV. PROCACC. AFFARI (SU FATTURATO NETTO)";"439,51"
"14/128";"GS SPA (DIPERDI')";"2021Q1";"PROVV. PROCACC. AFFARI (SU FATTURATO NETTO)";"100,57"
"14/4";"COOP CENTRO ITALIA SOCIETA' COOPERATIVA  ";"2021Q1";"PROVV. PROCACC. AFFARI (SU FATTURATO NETTO)";"300,91"
"14/129";"STIVAL SA NV";"2021Q1";"PROVV. PROCACC. AFFARI (SU FATTURATO NETTO)";"277,05"
"14/94";"STORICA FATTORIA PALAGIACCIO S.S.A ";"2021Q1";"PROVV. PROCACC. AFFARI (SU FATTURATO NETTO)";"325,72"
"14/118";"FERRAIUOLO FOODS SRLS ";"2021Q1";"PROVV. PROCACC. AFFARI (SU FATTURATO NETTO)";"195,52"
"14/131";"ALDI SRL COD.09717   SOC.CON SOCIO UNICO         ";"2021Q1";"PROVV. PROCACC. AFFARI (SU FATTURATO NETTO)";"961,26"
"14/126";"MAIORA SRL   ";"2021Q1";"PROVV. PROCACC. AFFARI (SU FATTURATO NETTO)";"1.031,05"
"14/117";"INIZIATIVE ALIMENTARI SRL     ";"2021Q1";"PROVV. PROCACC. AFFARI (SU FATTURATO NETTO)";"145,75"
"14/125";"LA FUTURA SRL       ";"2021Q1";"PROVV. PROCACC. AFFARI (SU FATTURATO NETTO)";"27,91"
"14/87";"METRO ITALIA CASH AND CARRY spa";"2021Q1";"PROVV. PROCACC. AFFARI (SU FATTURATO NETTO)";"157,24"
"14/92";"GS SPA (Carrefour Terre Italia)";"2020Q2";"PROVV. PROCACC. AFFARI (SU FATTURATO NETTO)";"0"
"14/62";"RIALTO SPA SOCIETA' A SOCIO UNICO     ";"2020Q2";"PROVV. PROCACC. AFFARI (SU FATTURATO NETTO)";"888,09"
"14/121";"IPER MONTEBELLO SPA  ";"2020Q2";"PROVV. PROCACC. AFFARI (SU FATTURATO NETTO)";"592,97"
"14/127";"GS SPA (IPERMERCATI)";"2020Q2";"PROVV. PROCACC. AFFARI (SU FATTURATO NETTO)";"411,16"
"14/128";"GS SPA (DIPERDI')";"2020Q2";"PROVV. PROCACC. AFFARI (SU FATTURATO NETTO)";"86,81"
"14/4";"COOP CENTRO ITALIA SOCIETA' COOPERATIVA  ";"2020Q2";"PROVV. PROCACC. AFFARI (SU FATTURATO NETTO)";"260,4"
"14/129";"STIVAL SA NV";"2020Q2";"PROVV. PROCACC. AFFARI (SU FATTURATO NETTO)";"441,21"
"14/94";"STORICA FATTORIA PALAGIACCIO S.S.A ";"2020Q2";"PROVV. PROCACC. AFFARI (SU FATTURATO NETTO)";"91,28"
"14/118";"FERRAIUOLO FOODS SRLS ";"2020Q2";"PROVV. PROCACC. AFFARI (SU FATTURATO NETTO)";"623,55"
"14/107";"DIVINA FOOD AG    ";"2020Q2";"PROVV. PROCACC. AFFARI (SU FATTURATO NETTO)";"91,52"
"14/24";"STABLE TRADING LIMITED ITALIAN FINE FOOD UNIT A.18/F SUN YING ";"2020Q2";"PROVV. PROCACC. AFFARI (SU FATTURATO NETTO)";"2.362,47"
"14/143";"PASSIONE E PURA";"2020Q2";"PROVV. PROCACC. AFFARI (SU FATTURATO NETTO)";"34"
"14/131";"ALDI SRL COD.09717   SOC.CON SOCIO UNICO         ";"2020Q2";"PROVV. PROCACC. AFFARI (SU FATTURATO NETTO)";"2.753,31"
"14/126";"MAIORA SRL   ";"2020Q2";"PROVV. PROCACC. AFFARI (SU FATTURATO NETTO)";"2.011,98"
"14/117";"INIZIATIVE ALIMENTARI SRL     ";"2020Q2";"PROVV. PROCACC. AFFARI (SU FATTURATO NETTO)";"142,77"
"14/125";"LA FUTURA SRL       ";"2020Q2";"PROVV. PROCACC. AFFARI (SU FATTURATO NETTO)";"25,83"
"14/143";"APULIA DISTRIBUZIONE";"2020Q2";"PROVV. PROCACC. AFFARI (SU FATTURATO NETTO)";"87,73"
"14/87";"METRO ITALIA CASH AND CARRY spa";"2020Q2";"PROVV. PROCACC. AFFARI (SU FATTURATO NETTO)";"387,67"
"14/142";"LA FOCACCERIA";"2020Q2";"PROVV. PROCACC. AFFARI (SU FATTURATO NETTO)";"60,44"
"14/92";"GS SPA (Carrefour Terre Italia)";"2021Q2";"PROVV. PROCACC. AFFARI (SU FATTURATO NETTO)";"0"
"14/62";"RIALTO SPA SOCIETA' A SOCIO UNICO     ";"2021Q2";"PROVV. PROCACC. AFFARI (SU FATTURATO NETTO)";"888,09"
"14/121";"IPER MONTEBELLO SPA  ";"2021Q2";"PROVV. PROCACC. AFFARI (SU FATTURATO NETTO)";"592,97"
"14/127";"GS SPA (IPERMERCATI)";"2021Q2";"PROVV. PROCACC. AFFARI (SU FATTURATO NETTO)";"411,16"
"14/128";"GS SPA (DIPERDI')";"2021Q2";"PROVV. PROCACC. AFFARI (SU FATTURATO NETTO)";"86,81"
"14/4";"COOP CENTRO ITALIA SOCIETA' COOPERATIVA  ";"2021Q2";"PROVV. PROCACC. AFFARI (SU FATTURATO NETTO)";"260,4"
"14/129";"STIVAL SA NV";"2021Q2";"PROVV. PROCACC. AFFARI (SU FATTURATO NETTO)";"441,21"
"14/94";"STORICA FATTORIA PALAGIACCIO S.S.A ";"2021Q2";"PROVV. PROCACC. AFFARI (SU FATTURATO NETTO)";"91,28"
"14/118";"FERRAIUOLO FOODS SRLS ";"2021Q2";"PROVV. PROCACC. AFFARI (SU FATTURATO NETTO)";"623,55"
"14/107";"DIVINA FOOD AG    ";"2021Q2";"PROVV. PROCACC. AFFARI (SU FATTURATO NETTO)";"91,52"
"14/24";"STABLE TRADING LIMITED ITALIAN FINE FOOD UNIT A.18/F SUN YING ";"2021Q2";"PROVV. PROCACC. AFFARI (SU FATTURATO NETTO)";"2.362,47"
"14/143";"PASSIONE E PURA";"2021Q2";"PROVV. PROCACC. AFFARI (SU FATTURATO NETTO)";"34"
"14/131";"ALDI SRL COD.09717   SOC.CON SOCIO UNICO         ";"2021Q2";"PROVV. PROCACC. AFFARI (SU FATTURATO NETTO)";"2.753,31"
"14/126";"MAIORA SRL   ";"2021Q2";"PROVV. PROCACC. AFFARI (SU FATTURATO NETTO)";"2.011,98"
"14/117";"INIZIATIVE ALIMENTARI SRL     ";"2021Q2";"PROVV. PROCACC. AFFARI (SU FATTURATO NETTO)";"142,77"
"14/125";"LA FUTURA SRL       ";"2021Q2";"PROVV. PROCACC. AFFARI (SU FATTURATO NETTO)";"25,83"
"14/143";"APULIA DISTRIBUZIONE";"2021Q2";"PROVV. PROCACC. AFFARI (SU FATTURATO NETTO)";"87,73"
"14/87";"METRO ITALIA CASH AND CARRY spa";"2021Q2";"PROVV. PROCACC. AFFARI (SU FATTURATO NETTO)";"387,67"
"14/142";"LA FOCACCERIA";"2021Q2";"PROVV. PROCACC. AFFARI (SU FATTURATO NETTO)";"60,44"
"14/92";"GS SPA (Carrefour Terre Italia)";"2020Q3";"PROVV. PROCACC. AFFARI (SU FATTURATO NETTO)";"0"
"14/62";"RIALTO SPA SOCIETA' A SOCIO UNICO     ";"2020Q3";"PROVV. PROCACC. AFFARI (SU FATTURATO NETTO)";"301,52"
"14/121";"IPER MONTEBELLO SPA  ";"2020Q3";"PROVV. PROCACC. AFFARI (SU FATTURATO NETTO)";"381,77"
"14/127";"GS SPA (IPERMERCATI)";"2020Q3";"PROVV. PROCACC. AFFARI (SU FATTURATO NETTO)";"475,46"
"14/128";"GS SPA (DIPERDI')";"2020Q3";"PROVV. PROCACC. AFFARI (SU FATTURATO NETTO)";"66,74"
"14/4";"COOP CENTRO ITALIA SOCIETA' COOPERATIVA  ";"2020Q3";"PROVV. PROCACC. AFFARI (SU FATTURATO NETTO)";"413,01"
"14/129";"STIVAL SA NV";"2020Q3";"PROVV. PROCACC. AFFARI (SU FATTURATO NETTO)";"90,87"
"14/94";"STORICA FATTORIA PALAGIACCIO S.S.A ";"2020Q3";"PROVV. PROCACC. AFFARI (SU FATTURATO NETTO)";"139,88"
"14/118";"FERRAIUOLO FOODS SRLS ";"2020Q3";"PROVV. PROCACC. AFFARI (SU FATTURATO NETTO)";"302,4"
"14/107";"DIVINA FOOD AG    ";"2020Q3";"PROVV. PROCACC. AFFARI (SU FATTURATO NETTO)";"52,8"
"14/24";"STABLE TRADING LIMITED ITALIAN FINE FOOD UNIT A.18/F SUN YING ";"2020Q3";"PROVV. PROCACC. AFFARI (SU FATTURATO NETTO)";"0"
"14/143";"PASSIONE E PURA";"2020Q3";"PROVV. PROCACC. AFFARI (SU FATTURATO NETTO)";"43,47"
"14/131";"ALDI SRL COD.09717   SOC.CON SOCIO UNICO         ";"2020Q3";"PROVV. PROCACC. AFFARI (SU FATTURATO NETTO)";"86,8"
"14/126";"MAIORA SRL   ";"2020Q3";"PROVV. PROCACC. AFFARI (SU FATTURATO NETTO)";"820,06"
"14/117";"INIZIATIVE ALIMENTARI SRL     ";"2020Q3";"PROVV. PROCACC. AFFARI (SU FATTURATO NETTO)";"125,19"
"14/125";"LA FUTURA SRL       ";"2020Q3";"PROVV. PROCACC. AFFARI (SU FATTURATO NETTO)";"24,69"
"14/143";"APULIA DISTRIBUZIONE";"2020Q3";"PROVV. PROCACC. AFFARI (SU FATTURATO NETTO)";"0"
"14/87";"METRO ITALIA CASH AND CARRY spa";"2020Q3";"PROVV. PROCACC. AFFARI (SU FATTURATO NETTO)";"426,47"
"14/142";"LA FOCACCERIA";"2020Q3";"PROVV. PROCACC. AFFARI (SU FATTURATO NETTO)";"28,17"
"14/92";"GS SPA (Carrefour Terre Italia)";"2021Q3";"PROVV. PROCACC. AFFARI (SU FATTURATO NETTO)";"0"
"14/62";"RIALTO SPA SOCIETA' A SOCIO UNICO     ";"2021Q3";"PROVV. PROCACC. AFFARI (SU FATTURATO NETTO)";"301,52"
"14/121";"IPER MONTEBELLO SPA  ";"2021Q3";"PROVV. PROCACC. AFFARI (SU FATTURATO NETTO)";"381,77"
"14/127";"GS SPA (IPERMERCATI)";"2021Q3";"PROVV. PROCACC. AFFARI (SU FATTURATO NETTO)";"475,46"
"14/128";"GS SPA (DIPERDI')";"2021Q3";"PROVV. PROCACC. AFFARI (SU FATTURATO NETTO)";"66,74"
"14/4";"COOP CENTRO ITALIA SOCIETA' COOPERATIVA  ";"2021Q3";"PROVV. PROCACC. AFFARI (SU FATTURATO NETTO)";"413,01"
"14/129";"STIVAL SA NV";"2021Q3";"PROVV. PROCACC. AFFARI (SU FATTURATO NETTO)";"90,87"
"14/94";"STORICA FATTORIA PALAGIACCIO S.S.A ";"2021Q3";"PROVV. PROCACC. AFFARI (SU FATTURATO NETTO)";"139,88"
"14/118";"FERRAIUOLO FOODS SRLS ";"2021Q3";"PROVV. PROCACC. AFFARI (SU FATTURATO NETTO)";"302,4"
"14/107";"DIVINA FOOD AG    ";"2021Q3";"PROVV. PROCACC. AFFARI (SU FATTURATO NETTO)";"52,8"
"14/24";"STABLE TRADING LIMITED ITALIAN FINE FOOD UNIT A.18/F SUN YING ";"2021Q3";"PROVV. PROCACC. AFFARI (SU FATTURATO NETTO)";"0"
"14/143";"PASSIONE E PURA";"2021Q3";"PROVV. PROCACC. AFFARI (SU FATTURATO NETTO)";"43,47"
"14/131";"ALDI SRL COD.09717   SOC.CON SOCIO UNICO         ";"2021Q3";"PROVV. PROCACC. AFFARI (SU FATTURATO NETTO)";"86,8"
"14/126";"MAIORA SRL   ";"2021Q3";"PROVV. PROCACC. AFFARI (SU FATTURATO NETTO)";"820,06"
"14/117";"INIZIATIVE ALIMENTARI SRL     ";"2021Q3";"PROVV. PROCACC. AFFARI (SU FATTURATO NETTO)";"125,19"
"14/125";"LA FUTURA SRL       ";"2021Q3";"PROVV. PROCACC. AFFARI (SU FATTURATO NETTO)";"24,69"
"14/143";"APULIA DISTRIBUZIONE";"2021Q3";"PROVV. PROCACC. AFFARI (SU FATTURATO NETTO)";"0"
"14/87";"METRO ITALIA CASH AND CARRY spa";"2021Q3";"PROVV. PROCACC. AFFARI (SU FATTURATO NETTO)";"426,47"
"14/142";"LA FOCACCERIA";"2021Q3";"PROVV. PROCACC. AFFARI (SU FATTURATO NETTO)";"28,17"
"14/92";"GS SPA (Carrefour Terre Italia)";"2020Q4";"PROVV. PROCACC. AFFARI (SU FATTURATO NETTO)";"0"
"14/62";"RIALTO SPA SOCIETA' A SOCIO UNICO     ";"2020Q4";"PROVV. PROCACC. AFFARI (SU FATTURATO NETTO)";"301,52"
"14/121";"IPER MONTEBELLO SPA  ";"2020Q4";"PROVV. PROCACC. AFFARI (SU FATTURATO NETTO)";"381,77"
"14/127";"GS SPA (IPERMERCATI)";"2020Q4";"PROVV. PROCACC. AFFARI (SU FATTURATO NETTO)";"475,46"
"14/128";"GS SPA (DIPERDI')";"2020Q4";"PROVV. PROCACC. AFFARI (SU FATTURATO NETTO)";"66,74"
"14/4";"COOP CENTRO ITALIA SOCIETA' COOPERATIVA  ";"2020Q4";"PROVV. PROCACC. AFFARI (SU FATTURATO NETTO)";"413,01"
"14/129";"STIVAL SA NV";"2020Q4";"PROVV. PROCACC. AFFARI (SU FATTURATO NETTO)";"90,87"
"14/94";"STORICA FATTORIA PALAGIACCIO S.S.A ";"2020Q4";"PROVV. PROCACC. AFFARI (SU FATTURATO NETTO)";"139,88"
"14/118";"FERRAIUOLO FOODS SRLS ";"2020Q4";"PROVV. PROCACC. AFFARI (SU FATTURATO NETTO)";"302,4"
"14/107";"DIVINA FOOD AG    ";"2020Q4";"PROVV. PROCACC. AFFARI (SU FATTURATO NETTO)";"52,8"
"14/24";"STABLE TRADING LIMITED ITALIAN FINE FOOD UNIT A.18/F SUN YING ";"2020Q4";"PROVV. PROCACC. AFFARI (SU FATTURATO NETTO)";"0"
"14/143";"PASSIONE E PURA";"2020Q4";"PROVV. PROCACC. AFFARI (SU FATTURATO NETTO)";"43,47"
"14/131";"ALDI SRL COD.09717   SOC.CON SOCIO UNICO         ";"2020Q4";"PROVV. PROCACC. AFFARI (SU FATTURATO NETTO)";"86,8"
"14/126";"MAIORA SRL   ";"2020Q4";"PROVV. PROCACC. AFFARI (SU FATTURATO NETTO)";"820,06"
"14/117";"INIZIATIVE ALIMENTARI SRL     ";"2020Q4";"PROVV. PROCACC. AFFARI (SU FATTURATO NETTO)";"125,19"
"14/125";"LA FUTURA SRL       ";"2020Q4";"PROVV. PROCACC. AFFARI (SU FATTURATO NETTO)";"24,69"
"14/143";"APULIA DISTRIBUZIONE";"2020Q4";"PROVV. PROCACC. AFFARI (SU FATTURATO NETTO)";"0"
"14/87";"METRO ITALIA CASH AND CARRY spa";"2020Q4";"PROVV. PROCACC. AFFARI (SU FATTURATO NETTO)";"426,47"
"14/142";"LA FOCACCERIA";"2020Q4";"PROVV. PROCACC. AFFARI (SU FATTURATO NETTO)";"28,17"
"14/92";"GS SPA (Carrefour Terre Italia)";"2021Q4";"PROVV. PROCACC. AFFARI (SU FATTURATO NETTO)";"0"
"14/62";"RIALTO SPA SOCIETA' A SOCIO UNICO     ";"2021Q4";"PROVV. PROCACC. AFFARI (SU FATTURATO NETTO)";"301,52"
"14/121";"IPER MONTEBELLO SPA  ";"2021Q4";"PROVV. PROCACC. AFFARI (SU FATTURATO NETTO)";"381,77"
"14/127";"GS SPA (IPERMERCATI)";"2021Q4";"PROVV. PROCACC. AFFARI (SU FATTURATO NETTO)";"475,46"
"14/128";"GS SPA (DIPERDI')";"2021Q4";"PROVV. PROCACC. AFFARI (SU FATTURATO NETTO)";"66,74"
"14/4";"COOP CENTRO ITALIA SOCIETA' COOPERATIVA  ";"2021Q4";"PROVV. PROCACC. AFFARI (SU FATTURATO NETTO)";"413,01"
"14/129";"STIVAL SA NV";"2021Q4";"PROVV. PROCACC. AFFARI (SU FATTURATO NETTO)";"90,87"
"14/94";"STORICA FATTORIA PALAGIACCIO S.S.A ";"2021Q4";"PROVV. PROCACC. AFFARI (SU FATTURATO NETTO)";"139,88"
"14/118";"FERRAIUOLO FOODS SRLS ";"2021Q4";"PROVV. PROCACC. AFFARI (SU FATTURATO NETTO)";"302,4"
"14/107";"DIVINA FOOD AG    ";"2021Q4";"PROVV. PROCACC. AFFARI (SU FATTURATO NETTO)";"52,8"
"14/24";"STABLE TRADING LIMITED ITALIAN FINE FOOD UNIT A.18/F SUN YING ";"2021Q4";"PROVV. PROCACC. AFFARI (SU FATTURATO NETTO)";"0"
"14/143";"PASSIONE E PURA";"2021Q4";"PROVV. PROCACC. AFFARI (SU FATTURATO NETTO)";"43,47"
"14/131";"ALDI SRL COD.09717   SOC.CON SOCIO UNICO         ";"2021Q4";"PROVV. PROCACC. AFFARI (SU FATTURATO NETTO)";"86,8"
"14/126";"MAIORA SRL   ";"2021Q4";"PROVV. PROCACC. AFFARI (SU FATTURATO NETTO)";"820,06"
"14/117";"INIZIATIVE ALIMENTARI SRL     ";"2021Q4";"PROVV. PROCACC. AFFARI (SU FATTURATO NETTO)";"125,19"
"14/125";"LA FUTURA SRL       ";"2021Q4";"PROVV. PROCACC. AFFARI (SU FATTURATO NETTO)";"24,69"
"14/143";"APULIA DISTRIBUZIONE";"2021Q4";"PROVV. PROCACC. AFFARI (SU FATTURATO NETTO)";"0"
"14/87";"METRO ITALIA CASH AND CARRY spa";"2021Q4";"PROVV. PROCACC. AFFARI (SU FATTURATO NETTO)";"426,47"
"14/142";"LA FOCACCERIA";"2021Q4";"PROVV. PROCACC. AFFARI (SU FATTURATO NETTO)";"28,17"
"14/5";"ESSELUNGA FIRENZE";"2020Q1";"CONTRATTI";"3.924"
"14/1";"UNICOOP FIRENZE S.C.R.L.   ";"2020Q1";"CONTRATTI";"2.500"
"14/62";"RIALTO SPA SOCIETA' A SOCIO UNICO     ";"2020Q1";"CONTRATTI";"0"
"14/121";"IPER MONTEBELLO SPA  ";"2020Q1";"CONTRATTI";"5.834"
"14/127";"GS SPA (IPERMERCATI)";"2020Q1";"CONTRATTI";"210"
"14/4";"COOP CENTRO ITALIA SOCIETA' COOPERATIVA  ";"2020Q1";"CONTRATTI";"0"
"14/109";"CONAD DEL TIRRENO SOC. COOP  VIA BURE VECCHIA NORD 10   ";"2020Q1";"CONTRATTI";"1.875"
"14/126";"MAIORA SRL   ";"2020Q1";"CONTRATTI";"0"
"14/5";"ESSELUNGA FIRENZE";"2021Q1";"CONTRATTI";"3.924"
"14/1";"UNICOOP FIRENZE S.C.R.L.   ";"2021Q1";"CONTRATTI";"2.500"
"14/62";"RIALTO SPA SOCIETA' A SOCIO UNICO     ";"2021Q1";"CONTRATTI";"0"
"14/121";"IPER MONTEBELLO SPA  ";"2021Q1";"CONTRATTI";"5.834"
"14/127";"GS SPA (IPERMERCATI)";"2021Q1";"CONTRATTI";"210"
"14/4";"COOP CENTRO ITALIA SOCIETA' COOPERATIVA  ";"2021Q1";"CONTRATTI";"0"
"14/109";"CONAD DEL TIRRENO SOC. COOP  VIA BURE VECCHIA NORD 10   ";"2021Q1";"CONTRATTI";"1.875"
"14/126";"MAIORA SRL   ";"2021Q1";"CONTRATTI";"0"
"14/5";"ESSELUNGA FIRENZE";"2020Q2";"CONTRATTI";"4.454"
"14/1";"UNICOOP FIRENZE S.C.R.L.   ";"2020Q2";"CONTRATTI";"2.500"
"14/62";"RIALTO SPA SOCIETA' A SOCIO UNICO     ";"2020Q2";"CONTRATTI";"850"
"14/121";"IPER MONTEBELLO SPA  ";"2020Q2";"CONTRATTI";"4.386,15"
"14/127";"GS SPA (IPERMERCATI)";"2020Q2";"CONTRATTI";"1.500"
"14/4";"COOP CENTRO ITALIA SOCIETA' COOPERATIVA  ";"2020Q2";"CONTRATTI";"3.500"
"14/91";"PENNY MARKET SRL CON SOCIO UNICO ";"2020Q2";"CONTRATTI";"3.750"
"14/109";"CONAD DEL TIRRENO SOC. COOP  VIA BURE VECCHIA NORD 10   ";"2020Q2";"CONTRATTI";"3.500"
"14/126";"MAIORA SRL   ";"2020Q2";"CONTRATTI";"0"
"14/5";"ESSELUNGA FIRENZE";"2021Q2";"CONTRATTI";"4.454"
"14/1";"UNICOOP FIRENZE S.C.R.L.   ";"2021Q2";"CONTRATTI";"2.500"
"14/62";"RIALTO SPA SOCIETA' A SOCIO UNICO     ";"2021Q2";"CONTRATTI";"850"
"14/121";"IPER MONTEBELLO SPA  ";"2021Q2";"CONTRATTI";"4.386,15"
"14/127";"GS SPA (IPERMERCATI)";"2021Q2";"CONTRATTI";"1.500"
"14/4";"COOP CENTRO ITALIA SOCIETA' COOPERATIVA  ";"2021Q2";"CONTRATTI";"3.500"
"14/91";"PENNY MARKET SRL CON SOCIO UNICO ";"2021Q2";"CONTRATTI";"3.750"
"14/109";"CONAD DEL TIRRENO SOC. COOP  VIA BURE VECCHIA NORD 10   ";"2021Q2";"CONTRATTI";"3.500"
"14/126";"MAIORA SRL   ";"2021Q2";"CONTRATTI";"0"
"14/5";"ESSELUNGA FIRENZE";"2020Q3";"CONTRATTI";"2.013"
"14/1";"UNICOOP FIRENZE S.C.R.L.   ";"2020Q3";"CONTRATTI";"5.000"
"14/62";"RIALTO SPA SOCIETA' A SOCIO UNICO     ";"2020Q3";"CONTRATTI";"650"
"14/121";"IPER MONTEBELLO SPA  ";"2020Q3";"CONTRATTI";"2.500"
"14/127";"GS SPA (IPERMERCATI)";"2020Q3";"CONTRATTI";"951,5"
"14/4";"COOP CENTRO ITALIA SOCIETA' COOPERATIVA  ";"2020Q3";"CONTRATTI";"1.650"
"14/91";"PENNY MARKET SRL CON SOCIO UNICO ";"2020Q3";"CONTRATTI";"1.875"
"14/109";"CONAD DEL TIRRENO SOC. COOP  VIA BURE VECCHIA NORD 10   ";"2020Q3";"CONTRATTI";"1.875"
"14/126";"MAIORA SRL   ";"2020Q3";"CONTRATTI";"650"
"14/5";"ESSELUNGA FIRENZE";"2021Q3";"CONTRATTI";"2.013"
"14/1";"UNICOOP FIRENZE S.C.R.L.   ";"2021Q3";"CONTRATTI";"5.000"
"14/62";"RIALTO SPA SOCIETA' A SOCIO UNICO     ";"2021Q3";"CONTRATTI";"650"
"14/121";"IPER MONTEBELLO SPA  ";"2021Q3";"CONTRATTI";"2.500"
"14/127";"GS SPA (IPERMERCATI)";"2021Q3";"CONTRATTI";"951,5"
"14/4";"COOP CENTRO ITALIA SOCIETA' COOPERATIVA  ";"2021Q3";"CONTRATTI";"1.650"
"14/91";"PENNY MARKET SRL CON SOCIO UNICO ";"2021Q3";"CONTRATTI";"1.875"
"14/109";"CONAD DEL TIRRENO SOC. COOP  VIA BURE VECCHIA NORD 10   ";"2021Q3";"CONTRATTI";"1.875"
"14/126";"MAIORA SRL   ";"2021Q3";"CONTRATTI";"650"
"14/5";"ESSELUNGA FIRENZE";"2020Q4";"CONTRATTI";"2.013"
"14/1";"UNICOOP FIRENZE S.C.R.L.   ";"2020Q4";"CONTRATTI";"5.000"
"14/62";"RIALTO SPA SOCIETA' A SOCIO UNICO     ";"2020Q4";"CONTRATTI";"650"
"14/121";"IPER MONTEBELLO SPA  ";"2020Q4";"CONTRATTI";"2.500"
"14/127";"GS SPA (IPERMERCATI)";"2020Q4";"CONTRATTI";"951,5"
"14/4";"COOP CENTRO ITALIA SOCIETA' COOPERATIVA  ";"2020Q4";"CONTRATTI";"1.650"
"14/91";"PENNY MARKET SRL CON SOCIO UNICO ";"2020Q4";"CONTRATTI";"1.875"
"14/109";"CONAD DEL TIRRENO SOC. COOP  VIA BURE VECCHIA NORD 10   ";"2020Q4";"CONTRATTI";"1.875"
"14/126";"MAIORA SRL   ";"2020Q4";"CONTRATTI";"650"
"14/5";"ESSELUNGA FIRENZE";"2021Q4";"CONTRATTI";"2.013"
"14/1";"UNICOOP FIRENZE S.C.R.L.   ";"2021Q4";"CONTRATTI";"5.000"
"14/62";"RIALTO SPA SOCIETA' A SOCIO UNICO     ";"2021Q4";"CONTRATTI";"650"
"14/121";"IPER MONTEBELLO SPA  ";"2021Q4";"CONTRATTI";"2.500"
"14/127";"GS SPA (IPERMERCATI)";"2021Q4";"CONTRATTI";"951,5"
"14/4";"COOP CENTRO ITALIA SOCIETA' COOPERATIVA  ";"2021Q4";"CONTRATTI";"1.650"
"14/91";"PENNY MARKET SRL CON SOCIO UNICO ";"2021Q4";"CONTRATTI";"1.875"
"14/109";"CONAD DEL TIRRENO SOC. COOP  VIA BURE VECCHIA NORD 10   ";"2021Q4";"CONTRATTI";"1.875"
"14/126";"MAIORA SRL   ";"2021Q4";"CONTRATTI";"650"
"14/92";"GS SPA (Carrefour Terre Italia)";"2020Q1";"ANALISI ESTERNE";"86,5"
"14/62";"RIALTO SPA SOCIETA' A SOCIO UNICO     ";"2020Q1";"ANALISI ESTERNE";"0"
"14/131";"ALDI SRL COD.09717   SOC.CON SOCIO UNICO         ";"2020Q1";"ANALISI ESTERNE";"1.004"
"14/109";"CONAD DEL TIRRENO SOC. COOP  VIA BURE VECCHIA NORD 10   ";"2020Q1";"ANALISI ESTERNE";"0"
"14/92";"GS SPA (Carrefour Terre Italia)";"2021Q1";"ANALISI ESTERNE";"86,5"
"14/62";"RIALTO SPA SOCIETA' A SOCIO UNICO     ";"2021Q1";"ANALISI ESTERNE";"0"
"14/131";"ALDI SRL COD.09717   SOC.CON SOCIO UNICO         ";"2021Q1";"ANALISI ESTERNE";"1.004"
"14/109";"CONAD DEL TIRRENO SOC. COOP  VIA BURE VECCHIA NORD 10   ";"2021Q1";"ANALISI ESTERNE";"0"
"14/92";"GS SPA (Carrefour Terre Italia)";"2020Q2";"ANALISI ESTERNE";"1.457,07"
"14/62";"RIALTO SPA SOCIETA' A SOCIO UNICO     ";"2020Q2";"ANALISI ESTERNE";"0"
"14/91";"PENNY MARKET SRL CON SOCIO UNICO ";"2020Q2";"ANALISI ESTERNE";"0"
"14/131";"ALDI SRL COD.09717   SOC.CON SOCIO UNICO         ";"2020Q2";"ANALISI ESTERNE";"0"
"14/109";"CONAD DEL TIRRENO SOC. COOP  VIA BURE VECCHIA NORD 10   ";"2020Q2";"ANALISI ESTERNE";"0"
"14/92";"GS SPA (Carrefour Terre Italia)";"2021Q2";"ANALISI ESTERNE";"1.457,07"
"14/62";"RIALTO SPA SOCIETA' A SOCIO UNICO     ";"2021Q2";"ANALISI ESTERNE";"0"
"14/91";"PENNY MARKET SRL CON SOCIO UNICO ";"2021Q2";"ANALISI ESTERNE";"0"
"14/131";"ALDI SRL COD.09717   SOC.CON SOCIO UNICO         ";"2021Q2";"ANALISI ESTERNE";"0"
"14/109";"CONAD DEL TIRRENO SOC. COOP  VIA BURE VECCHIA NORD 10   ";"2021Q2";"ANALISI ESTERNE";"0"
"14/92";"GS SPA (Carrefour Terre Italia)";"2020Q3";"ANALISI ESTERNE";"0"
"14/62";"RIALTO SPA SOCIETA' A SOCIO UNICO     ";"2020Q3";"ANALISI ESTERNE";"0"
"14/91";"PENNY MARKET SRL CON SOCIO UNICO ";"2020Q3";"ANALISI ESTERNE";"0"
"14/131";"ALDI SRL COD.09717   SOC.CON SOCIO UNICO         ";"2020Q3";"ANALISI ESTERNE";"-168,18"
"14/109";"CONAD DEL TIRRENO SOC. COOP  VIA BURE VECCHIA NORD 10   ";"2020Q3";"ANALISI ESTERNE";"0"
"14/92";"GS SPA (Carrefour Terre Italia)";"2021Q3";"ANALISI ESTERNE";"0"
"14/62";"RIALTO SPA SOCIETA' A SOCIO UNICO     ";"2021Q3";"ANALISI ESTERNE";"0"
"14/91";"PENNY MARKET SRL CON SOCIO UNICO ";"2021Q3";"ANALISI ESTERNE";"0"
"14/131";"ALDI SRL COD.09717   SOC.CON SOCIO UNICO         ";"2021Q3";"ANALISI ESTERNE";"-168,18"
"14/109";"CONAD DEL TIRRENO SOC. COOP  VIA BURE VECCHIA NORD 10   ";"2021Q3";"ANALISI ESTERNE";"0"
"14/92";"GS SPA (Carrefour Terre Italia)";"2020Q4";"ANALISI ESTERNE";"0"
"14/62";"RIALTO SPA SOCIETA' A SOCIO UNICO     ";"2020Q4";"ANALISI ESTERNE";"0"
"14/91";"PENNY MARKET SRL CON SOCIO UNICO ";"2020Q4";"ANALISI ESTERNE";"0"
"14/131";"ALDI SRL COD.09717   SOC.CON SOCIO UNICO         ";"2020Q4";"ANALISI ESTERNE";"-168,18"
"14/109";"CONAD DEL TIRRENO SOC. COOP  VIA BURE VECCHIA NORD 10   ";"2020Q4";"ANALISI ESTERNE";"0"
"14/92";"GS SPA (Carrefour Terre Italia)";"2021Q4";"ANALISI ESTERNE";"0"
"14/62";"RIALTO SPA SOCIETA' A SOCIO UNICO     ";"2021Q4";"ANALISI ESTERNE";"0"
"14/91";"PENNY MARKET SRL CON SOCIO UNICO ";"2021Q4";"ANALISI ESTERNE";"0"
"14/131";"ALDI SRL COD.09717   SOC.CON SOCIO UNICO         ";"2021Q4";"ANALISI ESTERNE";"-168,18"
"14/109";"CONAD DEL TIRRENO SOC. COOP  VIA BURE VECCHIA NORD 10   ";"2021Q4";"ANALISI ESTERNE";"0"
