"codice_destinazione";"destinazione";"localita";"pr";"via"
"14/1/0";;;;
"14/11/0";;;;
"14/124/0";"C/CENTRO ALIMENTARE POLIVALENT MERCAFIR";;;
"14/10/1";"PENNY MARKET SRL ALTOPASCIO DEPOSITO DI ALTOPASCIO";"ALTOPASCIO";"LU";"VIA DEL PALAZZACCIO 57"
"14/102/1";"BENETTI PECORARO SL CALLE DEL MERCURIO 14";"TUPAC/JESUS";;"28918 LEGANES -SPAIN"
"14/12/1";"COME A LATO";;;
"14/125/1";"COME A LATO";;;
"14/130/1";"COME A LATO";;;
"14/134/1";"COME A LATO";;;
"14/136/1";"COME A LATO";;;
"14/138/1";"COME A LATO";;;
"14/144/1";"PASSIONE E PURA GROTE GRACHT 43";"NETHERLANDS";;"6211 ST MAASTRICHT"
"14/16/1";"LA GRANDE EPICERIE DE PARIS SEGEP";"RADIUS 925-PLS";;"38 Rue de SŠvres 75007 PARIS"
"14/18/1";"COME A LATO";;;
"14/19/1";"CEDI FRESCHI POLLA";"POLLA";"SA";"LOC. ZONA INDUSTRIALE"
"14/2/1";"COME A LATO";;;
"14/21/1";"COME A LATO";;;
"14/22/1";"DEPOSITO ROMA FRESH FOOD SAFO";"LOC. SANTA PALOMBA ROMA";;"VIA DEI VERBASCHI NR.28"
"14/3/1";"COME A LATO";;;
"14/30/1";"COME A LATO";;;
"14/31/1";"COME A LATO";;;
"14/32/1";"COME A LATO";;;
"14/33/1";"RUE OSSEGHEN 158 A-B 1080 MOLENBEEK";"BELGIO";;"SAINT JEAN"
"14/34/1";"COME A LATO";;;
"14/35/1";"VIA COMUNALE 39 SAN PIETRO A PATIERNO";;;"80144 NAPOLI"
"14/36/1";"COME A LATO";;;
"14/37/1";"COME A LATO";;;
"14/38/1";"VIA LEPRATA 110 CALENZANO (FI)";;;"PRESSO MORGANTI SRL"
"14/39/1";"COME A LATO TEL.091/7829704";;;"347/4724103"
"14/40/1";"PIAZZA FRANCESCO DURANTE 90127 PALERMO";;;"TEL.091/6173522    389/0074495"
"14/41/1";"COME A LATO";;;
"14/43/1";"DEPOSITO DI SINALUNGA";;;
"14/44/1";"COME A LATO";;;
"14/45/1";"COME A LATO RIF.TELEFONICO";;;"0984/465396"
"14/46/1";"COME A LATO RIF.TELEFONICO";;;"388/3011060"
"14/48/1";"COME A LATO";;;
"14/49/1";"COME A LATO";;;
"14/50/1";"COME A LATO";;;
"14/53/1";"COME A LATO";;;
"14/54/1";"COME A LATO";;;
"14/55/1";"COME A LATO";;;
"14/56/1";"COME A LATO";;;
"14/57/1";"COME A LATO";;;
"14/59/1";"COME A LATO";;;
"14/60/1";"COME A LATO";;;
"14/61/1";"PIAZZA DEL POPOLO 17";;;"CESENA"
"14/62/1";"RIALTO SRL PIATTAFORMA FRESCHI";"CARPIANO";"MI";"VIA ALDO MORO"
"14/63/1";"COME A LATO";;;
"14/64/1";"PASTINELLA INDUSTRIESTRASE 40";"SWITZERLAND";"CH";"CH-5036 OBERENTENTFELDEN"
"14/66/1";"COME A LATO TEL.335/5343521";;;
"14/69/1";"BORGGADE 10 8000 ARHUS C DANIMARCA";;;"TEL.0045-21745635"
"14/72/1";"COME A LATO";;;
"14/74/1";"FERMO DEPOSITO STEF PRATO";;;
"14/77/1";"COME A LATO";;;
"14/78/1";"COME A LATO";;;
"14/87/1";"METRO ITALIA OSMANNORO FILIALE SESTO F.NO";"FIRENZE";;"VIA DEL CANTONE -OSMANNORO"
"14/9/1";"ITALDIRECT SARL 26,28 RUE ROGER TOUTON";"FRANCE";;"33300 BORDEAUX"
"14/94/1";"COME A LATO";;;
"14/96/1";"COME A LATO";;;
"D2/0/1";"DEPOSITO DI";"POTENZA";;"VIA DON UVA 15"
"14/10/2";"PENNY MARKET SRL MARCIANO DEPOSITO DI MARCIANO";"MARCIANO";"AR";"VIA CASSIA LOC. CESA"
"14/102/2";"DELICATEZZE D ITALIA BV WESER 5";"LUIGI CONTI";;"2491 DG DEN HAAG - NETHERLANDS"
"14/11/2";"AUCHAN SPA DEPOSITO PF ROMA";"SANTA PALOMBA";"RM";"VIA DEI RANUNCOLI 9"
"14/157/2";"CONSEGNA IN FRANCIA: JET FREEZE CHEVILLY LARUE";"94550 CHEVILLY LARUE";"FR";"30 AVENUE DE LA VILLETTE"
"14/23/2";"COME A LATO";;;
"14/43/2";"DEPOSITO DI PRATO";;;
"14/62/2";"PV DI SOMMA LOMBARDO";;;
"14/68/2";"COME A LATO";;;
"14/69/2";"FILSO AVLSGAARD V/ HENNE Kaergardvej 12, 6854 Henne";"0045-29292622";"DK";"Kontact: JIMI MOBIL"
"14/94/2";"MERCATO CENTRALE FIRENZE";;;
"14/102/3";"INDIVIDUAL RESTAURANTS 4 CHAPMAN AVENUE";"DARIO BARBATO";;"SK14 2AR HYDE-UNITED KINGDOM"
"14/11/3";"AUCHAN SPA DEP.SAFO SICILIA AUCHAN SPA";"CONTRADA ROTOLO CATANIA";"CT";"ZONA IND.LE P.D'ARCI"
"14/62/3";"PV DI CASTANO PRIMO";;;
"14/102/4";"AG GROPU -ALTA GAMMA VIA ILDEBRANDO GOITA 10";"MAURIZIO MALATESTA";;"00195 ROMA -ITALIA"
"14/22/4";"SMA SUPERMERCATI PV MANTOVA";"MANTOVA";;"VIA VERONA NR. 62"
"14/62/4";"PV DI CINISELLO";;;
"14/62/5";"PV DI VILLASANTA";;;
"14/102/7";"C.RISIAMO CAFE";"EMPOLI";;"VIA CURTATONE MONTANARA 28"
"14/102/9";"SEDE EMPOLI";"MONTEBORO-EMPOLI";;"VIA PIANEZZOLI 87"
"14/4/23";"196022 COOP C.ITALIA SUBBIAN NEGOZIO DI SUBBIANO";"SUBBIANO";"AR";"VIA MARTIRI DELLA LIBERTA'"
"14/4/31";"MAGAZZINO SALUME E LATTICINI";"TERNI";"TR";"STRADA DELLE CAMPORE 17/19"
"14/71/3";"10000AW - GS SPA (S.PALOMBA) DIV.SUP.TI E NEG.VICINATO";"SANTA PALOMBA-ROMA";;"VIA DELLE COSMEE 230"
"14/92/3";"10000AW - GS SPA (S.PALOMBA) DIV.SUPER.E NEGOZI VICINATO";"ROMA";"RM";"VIA DELLE COSMEE 230"
"14/109/2";"CONAD NORD OVEST SOC.COOP DEP.TARQUINIA LOC.PIAN D'ORGAN";"TARQUINIA";"VT";"PIAN DEI CIPRESSI"
"14/15/3";"CONAD DEL TIRRENO TARQUINIA LOC.PIAN D'ORGANO";"TARQUINIA";"VT";"PIAN DEI CIPRESSI"
"14/97/10";"LIDL ITALIA DEP.ANAGNI";"ANAGNI";"FR";"VIA CANGIANO 2"
"14/111/7";"EUROSPIN LAZIO SPA DEP.APRILIA";"APRILIA";"LT";"VIA F.BARACCA 2/4/6"
"14/113/7";"EUROSPIN LAZIO SPA DEP.APRILIA";"APRILIA";"LT";"VIA F.BARACCA 2/4/6"
"14/148/1";"WHITE RICEVIMENTI SRL";"LATINA";"LT";"S.S.148 PONTINA KM 79,30 SNC"
"14/4/1";"COOP CENTRO ITALIA MAGAZZINO";"CASTIGLION DEL LAGO";"PG";"VIA C.COLOMBO N. 29"
"14/4/16";"COOP CENTRO ITALIA CAST.D.LAGO NEGOZIO DI CASTIGLION DEL LAGO";"CASTIGLION DEL LAGO";"PG";"VIA E.DE NICOLA 1"
"14/116/1";"EUROSPIN TIRRENICA SPA DEPOSITO DI AMGIONE";"MAGIONE";"PG";"LOC.BACCANELLA"
"14/4/15";"COOP CENTRO ITALIA COLLESTRADA IPERCOOP COLLESTRADA";"COLLESTRADA";"PG";"VIA D.VALTIERA 181"
"14/26/1";"GMF SPA CENTRO FRESCHI";"PONTE SA GIOVANNI (PG)";;"VIA DELL'AVENA"
"14/111/1";"SPESA INTELLIGENTE SPA DEP.OLBIA";"OLBIA";"OT";"Z.IND.SETTE(7) VIA GABON 7"
"14/112/1";"SPESA INTELLIGENTE SPA DEP.OLBIA";"OLBIA";"OT";"Z.IND.SETTE(7) VIA GABON 7"
"14/15/2";"CONAD DEL TIRRENO MONASTIR";"MONASTIR-CAGLIARI";;"V.GEMILIANO SS.131 L.SU FRAIGU"
"14/97/11";"LIDL ITALIA DEP.CARMAGNOLA";"CARMAGNOLA";"TO";"VIA PARFRUCCHETTO 72"
"14/71/2";"10000AM - GS SPA (RIVALTA) DIV.SUP.TI E NEG.VICINATO";"FRAZ.PASTA DI RIVALTA";"TO";"VIA MARCO BIAGI 3"
"14/92/2";"10000AM - GS SPA (RIVALTA) DIV.SUPERMER. E NEG.VICINATO";"FRAZ.PASTA DI RIVALTA";"TO";"VIA MARCO BIAGI 3"
"14/92/6";"10000AX - GS SPA (RIVALTA) DIV.SUPERM. E NEG.VICINATO";"FRAZ.PASTA RIVALTA";"TO";"VIA MARCO BIAGI 3"
"14/97/5";"LIDL ITALIA DEP.TORINO";"VOLPIANO";"TO";"VIA VENEZIA"
"14/11/12";"AUCHAN SPA RIVOLI IPERMERCATO DI RIVOLI";"RIVOLI";"TO";"C.SO SUSA 305/307"
"14/11/17";"AUCHAN SPA TORINO IPERMERCATO DI TORINO";"TORINO";"TO";"CORSO ROMANIA 460"
"14/79/1";"IN ITALIA: A FRESH WAYS BURAGO DI MOLGORA";"BRUXELLES";;"IN BELGIO: RUE WALCOURT 114"
"14/11/8";"AUCHAN SPA CUNEO IP. DI CUNEO VIA MARGHERITA 8";"CUNEO";"CU";"LOC. TETTO GARETTO"
"14/10/6";"PENNY MARKET SRL ARBORIO MAGAZZINO DI ARBORIO";"ARBORIO (VERCELLI)";"VC";"STRADA PROVINCIALE 594"
"14/91/6";"PENNY MARKET SRL ARBORIO";"ARBORIO";"VC";"PROVINCIALE 594"
"14/151/4";"MAXI DI SRL VERCELLI DEPOSITO FRESCHI";"VERCELLI";;"VIALE CESARE LIBANO 0"
"14/91/4";"PENNY MARKET SRL QUATTORDIO";"QUATTORDIO";"AL";"LOC.COSTA ROSSA"
"14/10/5";"PENNY MARKET SRL QUATTORDIO MAGAZZINO DI QUATTORDIO";"QUATTORDIO (ALESSANDRIA)";"AL";"LOC. COSTA ROSSA"
"14/151/1";"MAXI DI SRL ALESSANDRIA DEPOSITO FRESCHI";"ALESSANDRIA";;"VIA RANA LOC.SPINATTA MARENGO"
"14/86/1";"COOP CONSORZIO NORDOVEST S.ARL";"RIVALTA SCRIVIA";"AL";"STRADA SAVONESANA"
"14/129/1";"IN ITALIA CONSEGNA A NAGEL VR IN BELGIO-STIVAL NV";"SINT PIETERS LEEUW";"BE";"1,VAN PAEPEGHEMSTRAAT"
"14/75/1";"GRUOP SPA C/O MOODY";"GENOVA";;"VIA XII OTTOBRE 45/47"
"14/58/1";"DESTINAZIONE: CORSO NIZZA 112";"LATTE DI VENTIMIGLIA";"IM";
"14/75/2";"OSTERIA DELLA 100 ITALIE 5 TERRE SRL OUTLET VILLAGE C/O";"BRUGNATO";"SP";"VIA NUOVA ANTICA ROMANA SNC"
"14/128/10";"0003645 - SP-AMEGLIA PISANELLO 335/1691153";"AMEGLIA";"SP";"VIA PISANELLO 27"
"14/52/10";"0003645 - SP-AMEGLIA PISANELLO 335/1691153";"AMEGLIA";"SP";"VIA PISANELLO 27"
"14/87/5";"METRO ITALIA LA SPEZIA FILIALE DI LA SPEZIA";"LA SPEZIA";;"VIA VALDILOCCHI"
"14/11/13";"AUCHAN SPA NERVIANO IPERMERCATO DI NERVIANO";"NERVIANO";"MI";"VIAS.S.SEMPIONE 33"
"14/11/19";"AUSCHAN SPA RESCALDINA IPERMERCATO DI RESCALDINA";"RESCALDINA";"MI";"VIA TOGLIATTI NR 2"
"14/13/1";"LAGOGEL SPA CEDI SALUMI E LATTICINI";"VAREDO";"MI";"VIA VALSUGANA 2/4"
"14/8/1";"SHIP TO: FRESH WAYS SRL";"BURAGO DI MOLGORA";"MI";"VIA ENRICO FERMI"
"14/121/1";"IPER MONTEBELLO C/o ORTOFIN SRL";"LISCATE";"MI";"VIA DEL LAGO 18/20"
"14/156/2";"MERCE DA CONSEGNARE IL ITALIA STEF INTERNATIONAL";"COLTURANO";"MI";"VIA F. DE ANDRE'1"
"14/67/5";"2000014 - CARREFOUR CARUGATE REPARTO GASTRONOMIA";"CARUGATE";"MI";"STR.PROVINCIALE 208 KM.2"
"14/10/7";"PENNY MARKET SRL CERNUSCO SEDE CERNUSCO SUL NAVIGLIO";"CERNUSCO SUL NAVIGLIO";"MI";"VIA TORINO 25"
"14/107/1";"CONSEGNA IN ITALIA A: INTERFRIGO  TRANSPORT";"PESCHIERA BORROMEO";"MI";"VIA F.LLI BANDIERA 23"
"14/14/1";"GARTICO SOC.CONS.";"CARPIANO";"MI";"VIA ALDO MORO 4"
"14/118/1";"FERRAIUOLO FOODS SRLS VIA MARIE CURIE 2";"ASSAGO";"MI";"ORARIO SCARICO 06-13 14-18,30"
"14/6/1";"ESSELUNGA SPA DEPOSITO LIMITO DI PIOLTELLO";"LIMITO DI PIOLTELLO";"MI";"VIA GIAMBOLOGNA NR. 1"
"14/11/11";"AUCHAN SPA VIMODRONE IPERMERCATO DI VIMODRONE";"VIMODRONE";"MI";"VIA PADANA SUPERIORE"
"14/102/13";"OTIM c/o MAGAZZINI BETATRANS";"SEGRATE -TEL.02 84234222";"MI";"VIA LONDRA 20"
"14/11/18";"AUCHAN SPA CESANO BOSCONE IPERMERCATO DI CESANO BOSCONE";"CESANO BOSCONE";"MI";"VIA DON STRUZZO 1"
"14/127/5";"2000017 - CARREFOUR ASSAGO";"ASSAGO";"MI";"VIALE MILANOFIORI"
"14/20/5";"2000017 - CARREFOUR ASSAGO";"ASSAGO";"MI";"VIALE MILANOFIORI"
"14/110/1";"RISTORANTE AL TRONCO SAS DI ALFREDO ZINI & C.";"MILANO";"MI";"VIA THAN DI REVEL 10"
"14/82/1";"FRESH WAYS SRL";"BURAGO DI MOLGORA";"MB";"VIA ENRICO FERMI 14"
"14/24/1";"AIR TO NEW SPECIAL DELIVERIES 0331/777134";"GALLARATE (VARESE)";;"VIA F.LLI BRONZETTI 10"
"14/71/5";"0000502 - GS SPA MARKET SUPERSTORE COMO 3";"COMO";"CO";"VIA COLOMBO ANG.VIA VARESINA 4"
"14/11/16";"AUCHAN SPA CURNO IPERMERCATO DI CURNO";"CURNO";"BG";"VIA E.FERMI ANG.VIA CARLINGA"
"14/161/1";"ZIZZI LOGISTICS SRL";"TREVIGLIO";"BG";"VIALE CESARE BATTISTI 29"
"14/11/1";"AUCHAN SPA DEPOSITO NORD";"CALCINATE";"MI";"STRADA PROV.LE PER TRESCORE 11"
"14/11/9";"AUCHAN SPA BERGAMO VIA CARDUCCI 55";"BERGAMO";"BS";"IPERMERCATO DI BERGAMO"
"14/10/3";"PENNY MARKET SRL DESENZA DEL G MAGAZ. DI DESENZANO DEL GARDA";"DESENZANO DEL GARDA";"BS";"VIA OGLIO"
"14/91/5";"PENNY MARKET SRL DESENZANO";"DESENZANO";"BS";"VIA OGLIO"
"14/11/14";"AUCHAN SPA RONCADELLE IPERMERCATO DI RONCADELLE";"RONCADELLE";"BS";"VIA E.MATTEI 37/39"
"14/81/1";"ESSELUNGA SPA DEPOSITO DI CHIARI";"CHIARI";"BS";"VIA SAM QUILLERI 1"
"14/22/2";"DEPOSITO DI CHIARI SAFO";"CHIARI";"BS";"VIA SAN SQUILLERI NR. 1"
"14/11/15";"AUCHAN SPA CONCESIO IPERMERCATO DI CONCESIO";"CONCESIO";"BS";"VIA EUROPA 8"
"14/11/10";"AUCHAN SPA MAZZANO IPERMERCATO DI MAZZANO";"MAZZANO";"BS";"VIA DE GASPERI 6"
"14/71/1";"10000AT - GS SPA (LODI) DIV.SUP.E NEGOZI VICINATO";"MASSALENGO -LODI";;"STR.PROV.LODI 23-MOTTA VIGANA"
"14/92/1";"10000AT - GS SPA (MASSALENGO) DIV.SUPER.E NEGOZI VICINATO";"MOTTA VIGANA";"LO";"STRADA PROVINCIALE LODI 23"
"14/92/5";"10000AU - GS SPA (MASSALENGO) DIV.SUPER.E NEGOZI VICINATO";"MOTTA VIGANA";"LO";"STRADA PROVINCIALE 23"
"14/97/8";"LIDL ITALIA DEP.SOMAGLIA";"SOMAGLIA";"LO";"STRADA PROVINCIALE 234,11"
"14/131/2";"ALDI SRL DIREZIONE REGIONALE LANDRIANO";"LANDRIANO";"PV";"VIA STANISLAO INTINI 7"
"14/152/1";"ARTIC SERVICE SRL";"AGNELLENGO  MOMO";"NO";"VIA REGINA MARGHERITA 18"
"14/139/1";"ARTIC SERVICE SRL";"AGNELLENGO DI MOMO";"NO";"VIA REGINA MARGHERITA 18"
"14/7/1";"ESSELUNGA SPA ESSELUNGA SPA DEP.DI BIANDRATE";"BIANDRATE";"NO";"STR.PROV.LE BIANDRATE RECETTO"
"14/97/6";"LIDL ITALIA DEP.NOVARA";"BIANDRATE";"NO";"VIA GUIDO IL GRANDE 6"
"14/111/3";"SPESE INTELLINGENTE SPA";"ROMENTINO";"NO";"TANGENZIALE NORD 4"
"14/112/3";"SPESE INTELLINGENTE SPA";"ROMENTINO";"NO";"TANGENZIALE NORD 4"
"14/10/4";"PENNY MARKET SRL AGOGNATE MAGAZZINO DI AGOGNATE";"AGOGNATE";"NO";"VIA CASE SPARSE 7"
"14/25/1";"IN ITALIA CONSEGNARE A: INTERTERRA INTR.TRANSP.SNC";"ING.POR.4 ORTOMER.MILANO";"MI";"PR.MAG.TRADVANCE VIA VARSAVIA"
"14/97/3";"LIDL ITALIA DEP.PORDENONE VIA CORNIA";"SESTO AL REGHENA";"PN";"LOC.BANDUZZO"
"14/111/8";"SPESE INTELLINGENTE SPA VIA CECILIA DANIELI N.6";"CHIONS";"PN";"LOC.VILLOTTA"
"14/112/8";"SPESE INTELLINGENTE SPA VIA CECILIA DANIELI N.6";"CHIONS";"PN";"LOC.VILLOTTA"
"14/80/1";"ASPIAG SERVICE SRL C/POLO LOGISTICO AGROLOGIC";"MONSELICE";"PD";"STRADA ROVIGANA N.58 INT.N.3"
"14/157/1";"CONSEGNA IN ITALIA A: FRIGORGIANO SRL";"ORGIANO (VI)";;"VIA TEOGHINO 67/71"
"14/164/1";"FRIGORGIANO SRL";"ORGIANO";"VI";"VIA TEOGHINO 67"
"14/155/1";"ANTOLINI TRASPORTI & SPEDIZION";"SAN PIETRO IN CARIANO";"VR";"VIA DANTE 3"
"14/112/2";"SPESA INTELLIGENTE SPA DEP.DI S.MARTINO B.A";"SAN MARTINO B.A.";"VR";"VIA VIOLA 1"
"14/97/7";"LIDL ITALIA DEP.ARCOLE";"ARCOLE";"VR";"VIA AUGUSTO RUFFO 25"
"14/131/1";"ALDI SRL DIREZIONE REGIONALE OPPEANO";"OPPEANO";"VR";"VIA DOLOMITI 10 CA DEGLI OPPI"
"14/151/3";"MAXI DI SRL BELFIORE DEPOSITO FRESCHI";"BELFIORE";"VR";"VIALE DEL LAVORO 20"
"14/142/1";"MERCE DA CONSEGNARE IN ITALIA A: TRANSLUSIA VIA DOLOMITI 3";"USCITA TANGENZIALE 434";"VR";"OPPEANO D VERONA-CA DEGLI OPPI"
"14/89/1";"STEF NOGAROLE SARL";"NOGAROLE ROCCA";"VR";"VIA PIAVE 8"
"14/149/1";"COOP FACCHINI";"VERONA";"VR";"VIOA SOMMACAMPAGNA 63"
"14/65/2";"ITM NOYANT - STOCK WISH ITM LOGISTIQUE ALIMENTAIRE INT";"NOYANT-EN-TOURAINE-FRANCE";;"Lieu-Dit-La Justice-"
"14/80/2";"DESPAR S2-PADOVA ORARIO SCARICO 06.00/08.00";"PADOVA";"PD";"PIAZZA DEI FRUTTI 22/14"
"14/92/7";"10000BY - GS SPA (BOLOGNA) DIV.SUPERM. E NEG.VICINATO";"CADRIANO";"BO";"VIA COSTA ANDREA 5/7"
"14/128/15";"0003389 - SANT'ISAIA DiperDi srl";"BOLOGNA";"BO";"Via Sant'Isaia n.6"
"14/52/15";"0003389 - SANT'ISAIA DiperDi srl";"BOLOGNA";"BO";"Via Sant'Isaia n.6"
"14/102/8";"GDO NEWS";"REGGIO EMILIA";"RE";"VIA EMILIA ALL-ANGELO 3"
"14/90/1";"Consegnare in Italia a: ATLANTICA TRASPORTI SRL";"FONTEVIVO PARMA";;"VIA PARIGI 1 INTERPORTO PARMA"
"14/97/9";"LIDL ITALIA DEP.MASSA LOMBARDA";"MASSA LOMBARDA";"RA";"VIA CADUTI DEL LAVORO 5"
"14/47/1";"CASH 49 FIRENZE";"BAGNO A RIPOLI (FI)";;"VIA MEUCCI 4B"
"14/5/1";"ESSELUNGA SPA DEPOSITO DI FIRENZE";"CAMPI BISENZIO";"FI";"VIA DELLE CICOGNE 7"
"14/5/2";"ESSELUNGA SPA";"CAMPI BISENZIO";"FI";"VIA DELLE CIOCOGNE 7"
"14/128/14";"0003670 - STRADA IN CHIANTI CARTER SRL";"LOC.STRADA IN CHIANTI";"FI";"VIA MAZZINI 31"
"14/52/14";"0003670 - STRADA IN CHIANTI CARTER SRL";"LOC.STRADA IN CHIANTI";"FI";"VIA MAZZINI 31"
"14/128/16";"0003834 - BARBERINO DI MUGELLO GEDS S.a.S";"Barberino di Mugello";"FI";"Via Gramsci 35"
"14/52/16";"0003834 - BARBERINO DI MUGELLO GEDS S.a.S";"Barberino di Mugello";"FI";"Via Gramsci 35"
"14/127/2";"2083313 - CARREFOUR SSC CALENZ";"CALENZANO";"FI";"VIA DI PRATO 145"
"14/20/2";"2083313 - CARREFOUR SSC CALENZ";"CALENZANO";"FI";"VIA DI PRATO 145"
"14/67/2";"2083313 - CARREFOUR CALENZANO REPARTO GASTRONOMIA";"CALENZANO";"FI";"VIA DI PRATO 145"
"14/104/1";"TENUTA SANT'ILARIO STRADA PROVINCIALE 4";"GAMBASSI TERME";"FI";"VOLTERRANA N.127"
"14/102/10";"DEA PARTY";"CERRETO GUIDI";"FI";"VIA GIUSEPPE MAZZIINI 62/68"
"14/137/2";"CARTER SRL";"REGGELLO";"FI";"VIA E.DE NICOLA 13"
"14/128/17";"0003843 - REGGELLO CARTER SRL";"REGGELLO";"FI";"VIA E.DE NICOLA 13"
"14/52/17";"0003843 - REGGELLO CARTER SRL";"REGGELLO";"FI";"VIA E.DE NICOLA 13"
"14/128/1";"0004638 - FI-CARDUCCI BELDI' SRL";"FIRENZE";;"Via Carducci 8-10-12-14-16 ROO"
"14/52/1";"0003646 - FI-CARDUCCI DiperDi srl TEL.055/2479762";"FIRENZE";;"Via Carducci 8"
"14/128/2";"0003647 - FI-PRATO DiperDi srl TEL.055/2608749";"FIRENZE";;"Via Il Prato 72R"
"14/52/2";"0003647 - FI-PRATO DiperDi srl TEL.055/2608749";"FIRENZE";;"Via Il Prato 72R"
"14/128/6";"0003651 - FI-DE GINORI DiperDi Srl TEL.055/264248";"FIRENZE";;"Via de' Ginori 41R"
"14/52/6";"0003651 - FI-DE GINORI DiperDi Srl TEL.055/264248";"FIRENZE";;"Via de' Ginori 41R"
"14/128/5";"0003650 - FI-TASSO DiperDi Srl  055/2336018";"FIRENZE";;"Piazza Torquato Tasso 4"
"14/52/5";"0003650 - FI-TASSO DiperDi Srl  055/2336018";"FIRENZE";;"Piazza Torquato Tasso 4"
"14/128/4";"0004636 - FI-ROMANA MAGU' SRL";"FIRENZE";;"Via Romana 113R"
"14/52/4";"0003649 - FI-ROMANA DiperDi Srl TEL.055/2336021";"FIRENZE";;"Via Romana 113R"
"14/128/26";"0002249 - FIRENZE SALUTATI";"FIRENZE";"FI";"VIA SALUTATI 4R"
"14/102/11";"ASSOC.BANCO ALIM.DELLA TOSCANA C/O CENTRO ALIM.POLIV.MERCAFIR";"FIRENZE";"FI";"PIAZZA ARTOM 12"
"14/128/3";"0004639 - FI-RUOTE Carter srl";"FIRENZE";;"Via delle Ruote 42R"
"14/52/3";"0003648 - FI-RUOTE DiperDi Srl 055/499745";"FIRENZE";;"Via delle Ruote 42R"
"14/128/8";"0003669 - FIRENZE MARCONI CARTER SRL 335/5758248";"FIRENZE";"FI";"VIA MARCONI N.50"
"14/52/8";"0003669 - FIRENZE MARCONI CARTER SRL 335/5758248";"FIRENZE";"FI";"VIA MARCONI N.50"
"14/128/18";"0003960 - FI CAREGGI FLORENCE RETAIL SRL";"FIRENZE";"FI";"LARGO BRAMBILLA 3"
"14/52/18";"0003628 - FI CAREGGI DIPERDI SRL";"FIRENZE";"FI";"LARGO BRAMBILLA 3"
"14/128/25";"0004090 - FIRENZE SELLA";"FIRENZE";"FI";"VIA QUINTINO SELLA 51"
"14/128/11";"0003687 - FI-VIA BARBIERI FLORENCE RETAIL SRL 055/450965";"FIRENZE";"FI";"VIA VITTORIO BARBIERI 1"
"14/52/11";"0003687 - FI-VIA BARBIERI FLORENCE RETAIL SRL 055/450965";"FIRENZE";"FI";"VIA VITTORIO BARBIERI 1"
"14/87/4";"METRO ITALIA LE CASCINE FILIALE LE CASCINE";"FIRENZE";;"VIA MERCADANTE ANG.VIA VIVALDI"
"14/160/1";"ITAL-GAMMA";"AUVELAIS -BELGIQUE";;"RUE BOIS SAINTE MARIE 182"
"14/102/6";"NUOVA CASTELLI C/O FLEXILOG SRL";"PONTE BUGGIANESE";"PT";"VIA PORRIONE 118/122"
"14/117/1";"INIZIATIVE ALIMENTARI SRL";"CASTELNUOVO DI SUBBIANO";"AR";"VIALE ENRICO FERMI 21B"
"14/154/8";"COOP SUBBIANO COD.3457";"SUBBIANO";"AR";"VIA MARTIRI DELLA LIBERTA'107"
"14/154/5";"COOP BIBBIENA COD.3432";"BIBBIENA";"AR";"LOC.PALAZZETTO 1"
"14/4/13";"196018 COOP C.ITALIA BIBBIENA NEGOZIO DI BIBBIENA";"BIBBIENA";"AR";"VIA RIGNANO 10"
"14/100/1";;"POPPI";"AR";"VIA FIORENTINA N.1"
"14/153/1";"ANIMA DI PANE";"PONTE A POPPI";"AR";"VIA FIORENTINA 19"
"14/51/1";;"POPPI";"AR";"VIA ROMA"
"14/128/24";"0003385 - CASTEL FRANCO";"CASTEL FRANCO";"AR";"VIA EUROPA 7"
"14/128/7";"0003667 - PIAN DI SCO' PIAN DI SCO";"PIAN DI SCO' (AR)";;"VIA ROMA 74"
"14/52/7";"0003667 - PIAN DI SCO' ERREGI SRL  055/9631101";"PIAN DI SCO' (AR)";;"VIA ROMA 74"
"14/154/2";"COOP TERRANUOVA B.NI COD.3458";"TERRANUOVA BRACCIOLINI";"AR";"VIA CARLO ALBERTO DALLA CHIES3"
"14/4/12";"196024 COOP C.ITALIA TERRANOVA NEGOZIO DI TERRANUOVA";"TERRANUOVA BRACCIOLINI";"AR";"VIA C.ALBERTO DALLA CHIESA"
"14/117/2";"INIZIATIVE ALIMENTARI SRL";"SAN SEPOLCRO";"AR";"VIA DELLA COSTITUZIONE 10"
"14/151/2";"MAXI DI SRL SAN SEPOLCRO DEPOSITO FRESCHI";"SAN SEPOLCRO";"AR";"VIA MALPASSO 0"
"14/4/19";"136080 COOP C.ITALIA CORTONA NEGOZIO DI CORTONA";"CORTONA";"AR";"PIAZZA S.PERTINI CAMUCIA"
"14/68/1";"PRESSO: ANGORI MARIO";"CASTIGLION FIORENTINO";"AR";"VIA ISONZO N.34 TERZO PIANO"
"14/154/7";"COOP CASTIGLION FIORENTINO COD.3448";"CASTIGLION FIORENTINO";"AR";"VIA C.SERRISTORI 48"
"14/4/17";"136074 COOP C.ITALIA CAST.F.N NEGOZIO DI CASTIGLION F.NO";"CASTIGLION F.NO";"AR";"VIA C.SERRISTORI 48"
"14/4/20";"196028 COOP C.ITALIA FOIANO NEGOZIO DI FOIANO";"FOIANO DELLA CHIANA";"AR";"VIA DELLA REPUBBLICA 10"
"14/154/11";"COOP CORTONA CAMUCIA COD.3437";"CORTONA";"AR";"PIAZZA S.PERTINI 1"
"14/91/2";"PENNY MARKET SRL MARCIANO DEPOSITO DI MARCIANO";"MARCIANO DELLA CHIANA";"AR";"VIA CASSIA LOC.CESA"
"14/154/3";"COOP MONTE SAN SAVINO COD.3440";"MONTE SAN SAVINO";"AR";"VIA XX APRILE N.8"
"14/4/18";"136082 COOP C.ITALIA M.S.SAV NEGOZIO DI MONTE SAN SAVINO";"MONTE SAN SAVINO";"AR";"VIA XXV APRILE 30"
"14/23/1";"AREZZO FIERE CONGRESSI SIG.LODOVICHI 3388906510";"AREZZO";"AR";"VIA SPALLANZANI"
"14/4/27";"136078 COOP C.ITALIA MONTERONI NEGOZIO DI MONTERONI ""I TIGLI""";"MONTERONI D'ARBIA";"SI";"V.CIRCONVALLAZIONE KENNEDY 769"
"14/4/29";"136079 COOP C.ITALIA S.ROCCO NEGOZIO SAN ROCCO A PILLI";"SAN ROCCO A PILLI";"SI";"VIA GROSSETANA ANG.UCCIANO"
"14/154/6";"COOP BUONCONVENTO COD.3433";"BUONCONVENTO";"SI";"VIA BIBBIANO N.1"
"14/4/25";"196010 COOP C.ITALIA BUONCONVE NEGOZIO DI BUONCONVENTO";"BUONCONVENTO";"SI";"VIA DI BIBBIANO 10"
"14/154/4";"COOP SAN GIMIGNANO COD.3443";"SAN GIMIGNANO";"SI";"VIA BACCANELLA"
"14/4/28";"136086 COOP C.ITALIA S.GIMIGNA NEGOZIO DI S.GIMIGNANO";"SAN GIMIGNANO";"SI";"VIA BACCANELLA"
"14/4/24";"136069 COOP C.ITALIA ASCIANO NEGOZIO DI ASCIANO";"ACIANO";"SI";"VIA CAPOGROTTOLI N.1"
"14/154/1";"COOP CHIANCIANO COD.3435";"CHIANIANO TERME";"SI";"VIA DELLA PACE N.47"
"14/4/11";"196167 COOP C.ITALIA CHIANCIAN NEGOZIO DI CHIANCIANO";"CHIANCIANO TERM";"SI";"VIA DELLA PACE"
"14/4/26";"136084 COOP C.ITALIA CHIUSI NEGOZIO DI CHIUSI";"CHIUSI";"SI";"VIA IX APRILE 1948,22"
"14/154/13";"COOP SINALUNGA COD.3445";"SINALUNGA";"SI";"VIA P.P.PASOLINI 1/R"
"14/4/22";"136083 COOP C.ITALIA SINALUNG NEGOZIO DI SINALUNGA";"SINALUNGA";"SI";"VIA P.P.PASOLINI 1/R"
"14/154/9";"COOP TORRITA COD.3447";"TORRITA DI SIENA";"SI";"VIA DEL POGGIOLO N.8"
"14/4/30";"196025 COOP C.ITALIA TORRITA NEGOZIO DI TORRITA LE FORNACI";"TORRITA DI SIENA";"SI";"VIA DEL POGGIOLO 7"
"14/4/10";"196163 COOP C.ITALIA ROSIA NEGOZIO DI ROSIA";"ROSIA";"SI";"VIA MARY FIGLIOLI 2"
"14/154/12";"COOP SIENA SAN MINIATO COD.3454";"SIENA SAN MINIATO";"SI";"PIAZZA TOGLIATTI 17"
"14/4/14";"196175 COOP C.ITALIA S.MINIATO NEGOZIO DI SAN MINIATO";"SIENA";"SI";"PIAZZA TOGLIATTI"
"14/4/21";"196021 COOP C.ITALIA TAVERNE NEGOZIO DI TAVERNE D'ARBIA";"TAVERNE D'ARBIA";"SI";"STRADA DELLE ROSOLE 51"
"14/102/5";"FIERE DI PARMA CIBUS";"PARMA";"PR";"VIA DELLE ESPOSIZIONI 393"
"14/128/12";"0001513 - AULLA-MS I RUSSI SRL";"AULLA-MS";;"VIA DELLA RESISTENZA 20"
"14/52/12";"0001513 - AULLA-MS I RUSSI SRL";"AULLA-MS";;"VIA DELLA RESISTENZA 20"
"14/128/19";"0003811 - CARRARA  VIA TONIOLO ALIPA SAS";"CARRARA";"MS";"VIA GIUSEPPE TONIOLO 12"
"14/52/19";"0003811 - CARRARA  VIA TONIOLO ALIPA SAS";"CARRARA";"MS";"VIA GIUSEPPE TONIOLO 12"
"14/128/20";"0003516 - CARRARA VIA CAVALLOT ALICAR SNC";"MARINA DI MASSA";;"VIA CAVALLOTTI 52"
"14/52/20";"0003516 - CARRARA VIA CAVALLOT ALICAR SNC";"MARINA DI MASSA";;"VIA CAVALLOTTI 52"
"14/128/21";"0003515 - CARRARA VIA FIORILLO ALI.PA SAS";"MARINA DI MASSA";;"VIA CAPITAN FIORILLO 10"
"14/52/21";"0003515 - CARRARA VIA FIORILLO ALI.PA SAS";"MARINA DI MASSA";;"VIA CAPITAN FIORILLO 10"
"14/127/3";"2000003 - CARREFOUR SSC MASSA";"MASSA";"MS";"VIA MASSA AVENZA NR. 32"
"14/20/3";"2000003 - CARREFOUR SSC MASSA";"MASSA";"MS";"VIA MASSA AVENZA NR. 32"
"14/67/3";"2000003 - CARREFOUR MASSA REPARTO GASTRONOMIA";"MASSA CARRARA";;"VIA MASSA AVENZA 32"
"14/91/1";"PENNY MARKET SRL ALTOPASCIO DEPOSITO DI ALTOPASCIO";"ALTOPASCIO";"LU";"VIA DEL PALAZZACCIO 57"
"14/87/3";"METRO ITALIA LUCCA FILIALE DI LUCCA";"LUCCA";;"VIA DEL BRENNERO 1040/F"
"14/127/4";"2083310 - CARREFOUR SSC LUCCA";"LUCCA";"LU";"VIA SS.ANNUNZIATA 278"
"14/20/4";"2083310 - CARREFOUR SSC LUCCA";"LUCCA";"LU";"VIA SS.ANNUNZIATA 278"
"14/67/4";"2083310 - CARREFOUR LUCCA REPARTO GASTRONOMIA";"LUCCA";;"VIA SS ANNUNZIATA 278"
"14/127/1";"2008298 - CARREFOUR SSC PISA VIA FABBRICONE PONTERCORVO 3";"PISA";"PI";"SAN GIULIANO TERME"
"14/20/1";"2008298 - CARREFOUR SSC PISA VIA FABBRICONE PONTERCORVO 3";"PISA";"PI";"SAN GIULIANO TERME"
"14/67/1";"2008298 - CARREFOUR PISA REPARTO GASTRONOMIA";"S.GIULIANO TERME";"PI";"VIA FABBRICONE PONTECORVO 3"
"14/87/2";"METRO ITALIA PISA FILIALE DI PISA";"PISA";;"VIA SCORNIGIANA 30"
"14/128/13";"0003329 - ASCIANO-PI SUPERMERCATO ASCIANESE SRL";"S.GIULIANO TERME ASCIANO";"PI";"PIAZZA DELLE LAVANDAIE"
"14/52/13";"0003329 - ASCIANO-PI SUPERMERCATO ASCIANESE SRL";"S.GIULIANO TERME ASCIANO";"PI";"PIAZZA DELLE LAVANDAIE"
"14/102/12";"CREMA LOMBARDI SRL";"VECCHIANO";"PI";"VIA DEL BECACCINO 4 NODICA"
"14/109/1";"CONAD NORD OVEST SOC.COOP DEPOSITO DI MONTOPOLI";"MONTOPOLI VALDARNO";"PI";"STRADA PROVINCIALE ROMANINA"
"14/15/1";"CONAD DEL TIRRENO";"MONTOPOLI VALDARNO";"PI";"STRADA PROVINCIALE ROMANINA"
"14/1/1";"UNICOOP FIRENZE";"PONTEDERA";"PI";"VIA ALESSANDRINI 9"
"14/97/1";"LIDL ITALIA DEP.PONTEDERA";"PONTEDERA";"PI";"VIA ALBERTO CARPI  29"
"14/128/22";"0003970 - SANTA CROCE S/ARNO OTTIMA SCELTA SRL";"SANTA CROCE SULL'ARNO";"PI";"VIA DELLA REPUBBLICA 8"
"14/52/22";"0003970 - SANTA CROCE S/ARNO OTTIMA SCELTA SRL";"SANTA CROCE SULL'ARNO";"PI";"VIA DELLA REPUBBLICA 8"
"14/162/1";"CIBOSANO ITALIA SRL";"PERIGNANO";"PI";"VIA MELORIE 56"
"14/128/9";"0003696 - PISA CALATAFIMI WOK SRL  050/983389";"PISA";"PI";"VIA CALATAFIMI 7"
"14/52/9";"0003696 - PISA CALATAFIMI RODI SRL  050/983389";"PISA";"PI";"VIA CALATAFIMI 7"
"14/128/23";"0004358 - PISA GIOVANNI XXIII";"PISA";"PI";"PIAZZA PAPA  GIOVANNI XXIII"
"14/22/3";"DEPOSITO DI OFFAGNA";"OFFAGNA";"AN";"VIA ASPIO N.5/B"
"14/111/4";"EUROSPIN LAZIO SPA DEPOSITO C/O CENTRO";"MONTEPRANDONE";"AP";"LOG.MARCONI"
"14/113/4";"EUROSPIN LAZIO SPA DEPOSITO C/O CENTRO";"MONTEPRANDONE";"AP";"LOG.MARCONI"
"14/143/1";"STRADA PROV.RUTIGLIANO-ADELFIA CONTRADA PARCO VIA NUOVA";"RUTIGLIANO-BARI";;
"14/91/3";"PENNY MARKET SRL G.D.COLLE VIA P.LE PUTIGNANO";"GIOIA DEL COLLE";"BA";"ANGOLO VICINALE  SCORCIABOVE"
"14/10/8";"PENNY MARKET SRL GIOIA COLLE VIA PROV.LE PUTIGNANO";"GIOIA DEL COLLE (BA)";;"ANG.VIC.LE SCORCIABOVE"
"14/126/1";"MAIORA SRL CEDI CORATO";"CORATO";"BA";"VIA SAN MAGNO 31"
"14/97/4";"LIDL ITALIA DEP.BARI";"MOLFETTA";"BA";"VIA DELL'ARTE BIANCA"
"14/111/2";"EUROSPIN PUGLIA SPA STRADA PROV.PER TORCHIAROLO";"S.PIETRO VERNOTICO";"BR";"Z.IND.PIP"
"14/114/2";"EUROSPIN PUGLIA SPA STRADA PROV.PER TORCHIAROLO";"S.PIETRO VERNOTICO";"BR";"Z.IND.PIP"
"14/165/1";"LIDL STIFTUNG & CO Kg z.Hd Frau Alisa Tomasi";"HEILBRONN-DEUTSCHLAND";"DE";"Austr.166"
"14/111/5";"EUROSPIN LAZIO SPA DEP.CARINARO";"CARINARO";"CE";"STR.CONSOR.ASI VEGA 14"
"14/113/5";"EUROSPIN LAZIO SPA DEP.CARINARO";"CARINARO";"CE";"STR.CONSOR.ASI VEGA 14"
"14/83/1";"SEDE OPERATIVA: VIA VITTORIO EMANUELE 159";;;"SANTA MARIA CAPUA VETERE (CE)"
"14/71/4";"10000AO - GS SPA (AIROLA) DIV.SUP.TI E NEG.VICINATO";"AIROLA";"BN";"VIA CARRACCIANO N.6"
"14/92/4";"10000AO - GS SPA (AIROLA) DIV.SUPER. E NEGOZI VICINATO";"AIROLA";"BN";"VIA CARRACCIANO 6"
"14/126/2";"MAIORA SRL CEDI SAN MARCO ARGENTANO -CS-";"SAN MARCO ARGENTANO";"CS";"ZONA IND.DEL FULLONE"
"14/65/1";"Destination Goods-Marchandises CFROID/STOCK WISH";"WISSOUS-FRANCE";;"7-9 AVENUE JEANNE GARNERIN"
"14/97/2";"LIDL ITALIA DEP.CATANIA";"MISTERBIANCO";"CT";"VIA TERRANO C.da CUBBA"
"14/11/5";"AUCHAN SPA CATANIA MISTERBIANC IPERMERCATO DI MISTERBIANCO";"MISTERBIANCO";"CT";"VIA ZINIRO S.N."
"14/11/4";"AUCHAN SPA PORTE DI CATANIA c/o CENTRO COMMERCIALE ICOM";"CATANIA";"CT";"STRADA GELSO BIANCO SN"
"14/111/6";"EUROSPIN SICILIA SPA DEP.EUROSPIN SICILIA CATANIA";"CATANIA";"CT";"S.S.114 STRAD.PRIMOSOLE KM 107"
"14/115/6";"EUROSPIN SICILIA SPA DEP.EUROSPIN SICILIA CATANIA";"CATANIA";"CT";"S.S.114 STRAD.PRIMOSOLE KM 107"
"14/11/7";"AUCHAN SPA CATANIA LA RENA IPERMERCATO DI CATANIA LA RENA";"CATANIA";"CT";"VIA S.GIUSEPPE LA RENA NR 67"
"14/91/7";"PENNY MARKET SRL CATANIA CONTRATA PANTANO D ARCI";"CATANIA";"CT";"STRADA PROVINCIALE 69"
"14/11/6";"AUCHAN SPA SIRACUSA IPERMER.TO DI MELILLI SIRACUSA";"C.DA SPALLA MELILLI";;"V.E.GARRONE LOC.CITTA'GIARDINO"
