"codice";"descrizione"
"1";"ABRUZZO"
"10";"MARCHE"
"11";"MOLISE"
"12";"PIEMONTE"
"13";"PUGLIA"
"14";"SARDEGNA"
"15";"SICILIA"
"16";"TOSCANA"
"17";"TRENTINO ALTO ADIGE"
"18";"UMBRIA"
"19";"VALLE D'AOSTA"
"2";"BASILICATA"
"20";"VENETO"
"21";"FRANCIA"
"22";"IRLANDA"
"24";"GERMANIA"
"25";"BELGIO"
"26";"USA"
"27";"HONK KONG"
"28";"SVIZZERA"
"29";"DANIMARCA"
"3";"CALABRIA"
"30";"NORVEGIA"
"31";"LUSSEMBURGO"
"32";"ISRAELE"
"33";"OLANDA"
"34";"MAURITIUS"
"35";"MAROCCO"
"36";"SPAGNA"
"4";"CAMPANIA"
"5";"EMILIA ROMAGNA"
"6";"FRIULI VENEZIA GIUL"
"7";"LAZIO"
"8";"LIGURIA"
"9";"LOMBARDIA"
